ph_suelo,nitrogeno,fosforo,potasio,humedad_suelo,radiacion_solar,riego_litros,tipo_fertilizante,incidencia_plagas,diametro_fruto,peso_promedio,clima_estacion,target_calidad
7.4427173906129225,99.28402167330005,29.334788031081736,33.721312419881116,52.914130551362845,789.6174605499197,41.17168715354194,Quimico,4,78.02479133993393,132.96873543492677,Otoño,Desecho
7.1187556813029795,80.72769056857771,72.57115832503476,187.24430137552804,68.698307962407,726.3449293957115,39.4903595821969,Ninguno,0,55.93144374116724,161.82406166430175,Primavera,Local
7.962388257379061,41.14958207485574,38.82684719169885,105.80574733190117,43.81455030382866,622.6820195457714,23.218545648424982,Quimico,3,57.87705589419751,158.6726672472274,Otoño,Desecho
5.852164493783191,107.1065830399624,8.085960366111514,14.67303076275568,25.055747175120004,466.09983376100473,22.528966080825285,Organico,2,66.60810338253116,125.91291172210909,Otoño,Desecho
7.073193220777948,63.76443571260858,9.385407202527576,112.10726607866285,41.059125109080014,967.4021019984486,6.686242191728222,Quimico,3,58.975204618195434,122.48485437381048,Primavera,Exportacion
7.867835905710987,27.883811985754395,63.40120856637281,45.06072391500959,68.87847039464977,277.3462102477558,8.719008238501743,Organico,2,74.46663392651112,162.60104213760107,Otoño,Exportacion
7.359173535264565,129.18538729579174,32.58648069185248,47.2051199768455,60.0074824032321,822.2841072744525,44.258289577654736,Quimico,1,69.82760013558422,204.09599622725526,Primavera,Local
6.340369938962947,35.38858050695655,21.016205637892433,124.07115571090256,52.38105366248634,430.70764733879395,41.264377120395544,Ninguno,1,71.3257977396446,108.11729163191255,Verano,Exportacion
5.798127083622974,85.69925629602882,57.47467975106401,53.01286427649222,58.56848551436965,777.9211356059544,5.948923371820306,Organico,0,82.9794734725337,133.7124525756193,Otoño,Desecho
7.909416251897582,110.95643464977977,31.451466957282804,50.656403572358144,68.39373149453763,247.31891961796197,44.72053530650469,Quimico,3,66.66415153555849,150.376577757148,Verano,Local
5.6797592924539755,100.67833859206189,11.966852979492224,112.78236926321104,20.63041842557123,435.97387973518516,32.62456674713343,Quimico,4,58.896054802078154,153.02540631576187,Verano,Desecho
7.937921141805279,32.520330044152466,23.390327096731774,54.737295770004934,68.93468727893395,951.5316933523292,41.08636039029066,Organico,1,68.10773359126641,145.5708723303761,Otoño,Exportacion
6.258779249068786,37.179337725795975,78.90113838864389,30.997394895183298,66.46108353500333,601.5657127678278,27.61370254208852,Quimico,1,48.877937868524164,223.09090719571478,Primavera,Desecho
7.650777774004616,30.838717727778203,85.94108936483269,87.568813918707,43.42416040203521,542.1240776282481,11.778187033616764,Ninguno,2,68.53354516972595,142.2981986025534,Primavera,Local
6.8857794473861444,20.15660633531682,87.8540247473492,19.879703256901614,38.20159708840481,776.8962589123037,21.060072552266455,Organico,0,45.310538262476115,103.91493561154633,Verano,Local
7.781476323561381,49.658287618576686,55.80912320576684,182.0113869084113,75.27909864305931,475.3482997124541,25.25130849140788,Ninguno,0,70.42378040699538,193.20876621429647,Primavera,Exportacion
6.566547329039501,83.37936759071445,95.34035754626049,95.79210902761031,67.3592529238993,543.7220958950445,38.92604639121409,Organico,2,81.26292345161119,116.09980100752708,Otoño,Local
7.624509911597563,34.21312424485463,19.40853808323517,12.487990487548258,79.20662430626251,604.5462881395827,41.571166778349784,Organico,4,75.48593171277291,147.03708420324648,Verano,Exportacion
6.095962689824238,145.92029806090116,69.44383498812924,52.68389601778081,54.92275717239702,990.9882200413629,38.365381714614365,Organico,1,73.23027704556014,127.31271600872684,Primavera,Desecho
6.666853797859828,107.83626738223208,71.90484982141555,191.9853910613241,12.206842591986742,824.8359350215353,26.449134784857595,Organico,0,75.17365113163936,125.90607940890307,Primavera,Local
7.615756136428295,91.68084166354026,10.052613303716111,104.31427125527598,20.771951646657175,135.8202515653385,34.86656509061315,Ninguno,2,62.72696154068439,110.60255592665393,Verano,Local
5.79590418421827,105.39860584703888,31.832525926547653,78.18903717618521,67.42195642824242,805.2560095761322,18.29816516424028,Ninguno,3,49.54243470722439,170.14240453132385,Primavera,Local
7.321585731089939,71.03300147665203,95.15957287453486,69.87118646601547,54.729448600584135,552.6780258047164,49.45107694850383,Organico,0,57.82798221581871,179.3613851411381,Primavera,Local
6.592179571275293,75.78714489679166,77.10774601457008,89.22442381919616,23.863313945920304,307.5991167792009,12.569258188655061,Organico,1,76.15898411350761,165.79608413436787,Verano,Local
6.783037396439576,134.41309388864107,10.195923323203273,50.23523671685947,10.835708115875638,868.1520867510893,37.56211543187953,Ninguno,1,79.88871653472397,194.5785246682244,Verano,Local
6.947579804978154,111.07152353835892,56.37541391631259,152.33413994498892,28.402094564163114,343.47861765269045,11.971875854141949,Organico,1,83.31983768566863,126.4789124774703,Otoño,Desecho
6.189150222283334,92.346157326167,66.61910726871915,106.57798762689166,19.62943206747782,388.3700307251256,17.63897637075174,Organico,3,57.10179135672543,140.82992289928396,Verano,Desecho
5.74092974847708,143.02975776060478,97.44292253283972,152.77239771159137,71.33616601450782,156.69411059351756,38.69716145255322,Ninguno,3,82.10995575105989,128.90360931614973,Verano,Desecho
5.546648381309195,102.76978076684517,73.06124235641451,58.332526501039965,71.79498559881904,979.8444687778963,37.81020704056852,Ninguno,1,57.28508742802486,164.02156188248276,Verano,Exportacion
6.577305259342506,65.8166141317542,65.67212569845964,10.27596077331841,68.9633861895092,815.8441142034811,10.602942188950548,Ninguno,2,74.27241251015269,155.93087929514928,Otoño,Desecho
6.172176830335182,16.644109022475853,91.310109132499,193.58351028414333,16.62246820052696,233.29156492846263,35.53442336451155,Quimico,2,75.81730900384771,103.58208022828742,Verano,Local
7.082325197219845,64.69465487220975,67.78904043758993,107.29255857546163,19.45307063050177,540.594787624918,14.172757216200253,Organico,1,63.27748751348922,189.39181800308916,Verano,Local
7.2898446948115,139.4728126894847,93.55159577041921,25.150456495505413,19.486456896394564,403.0724682649841,48.783271304892715,Ninguno,2,78.09698566181842,122.31418700820828,Verano,Desecho
6.759361864637036,16.25098012416083,51.81373515881843,29.712732495016127,28.08913780015536,129.15467200241267,32.13732805295595,Organico,4,48.13398980130799,102.43778841927414,Verano,Local
7.047403293011751,35.838770428604505,73.26367793065457,92.58884656526953,15.101940539582753,934.4989511848808,5.156574124290277,Quimico,1,60.07048336637084,110.48063345217554,Otoño,Exportacion
6.901865315115893,123.22465701322473,65.01669253875043,142.10020253858875,78.70957347910789,855.4692120407097,14.380454802555281,Ninguno,0,62.20893779470095,184.9258142333388,Primavera,Desecho
5.511445127785719,61.09367565551837,57.48997222928276,85.36195021738996,69.86091301722439,988.2348694176211,15.332247316423182,Ninguno,4,76.61109333826388,198.0933426786553,Otoño,Exportacion
7.604254809545422,36.02581487705319,35.78898584808701,165.8289744025657,14.843154433939096,318.26330403968456,16.119414999756913,Organico,4,76.28940822754431,144.42897751668255,Primavera,Desecho
5.6489063174224485,124.19312044358152,90.85895077459034,72.52130140642056,20.057181150131107,729.475381714952,30.06918831202755,Organico,2,72.20452713089627,173.7189798315286,Primavera,Local
6.52585105766904,88.18154992748096,30.6542419674427,18.665025750737964,28.362192244406366,206.3523785361662,14.252302393864763,Ninguno,4,72.09157770262394,121.2732802928681,Otoño,Exportacion
5.777546256928683,86.78488464324964,20.14199593918927,11.57532116854472,64.25099814165657,488.25389961077605,23.575643547703784,Ninguno,3,82.77896774366482,166.15923422600332,Primavera,Local
7.155784863943161,51.12989262433,72.64476056827935,173.2944157195416,59.98685764731601,862.0655931946059,12.799623541154443,Organico,2,66.33463859041426,161.61746223517054,Verano,Desecho
6.313969410688138,104.51885847626653,56.92251970199004,197.04783242192704,54.1350610837743,107.25194715556822,35.010610227719994,Organico,2,65.56668168345988,111.8108705429132,Verano,Local
5.677880434772407,130.65565237102686,29.97176309334937,35.2317819021909,73.85360351128506,532.6304897066852,30.591799850205554,Ninguno,3,68.4736327523063,148.60907221693168,Otoño,Exportacion
5.6133820450821945,115.02874315900863,87.67922733934427,21.78774537516798,12.540101345527082,491.22691069135016,33.291413981571836,Quimico,4,60.11793691839468,150.29506076133916,Primavera,Desecho
6.092854377310031,95.73965100444063,32.189671912293605,183.73745144801777,21.290237973030163,721.8986274472172,48.5333756603029,Organico,2,76.2152597409986,124.00341756495807,Verano,Desecho
7.168161890771801,59.072734083792064,11.059297032105102,29.143715913698575,23.28716184576063,314.1337324333297,22.968587440101693,Organico,2,57.689089375468754,171.95677002621952,Otoño,Local
7.295553745438223,129.6725036715717,6.459838126240131,53.39679561530632,14.175337657078128,255.95495618781314,14.696268159050117,Organico,0,68.22264589319391,114.4164808136994,Otoño,Local
5.821076040240155,89.25506260478451,92.67122627745418,162.31294726838436,53.28013507196116,685.6296601200968,49.944690581074994,Ninguno,2,79.10062842532355,173.9903869319057,Primavera,Exportacion
5.847780534252415,134.5418693913746,43.20691950738427,199.61702143070264,24.67896282801472,677.1306194868843,7.613377926070076,Ninguno,2,67.43524417253333,201.5216492428969,Primavera,Exportacion
6.983067352386169,45.58500446079934,25.281446126165203,102.34263899095191,43.784551790880414,776.6053566799909,41.46572171594864,Ninguno,3,59.53391644431072,165.3105590559246,Otoño,Desecho
7.893165865088633,101.60137041447476,58.874634370919026,50.04644991413281,57.98036773165461,322.2221195158434,12.297947299639759,Organico,2,73.36570543032391,175.96102146034502,Primavera,Desecho
6.882277656954921,140.92644608783203,51.34913815214918,171.0664231381394,51.679035117534205,114.69315667794005,34.91533553175339,Organico,2,77.26550282502679,175.43477464159037,Verano,Desecho
7.279355318201711,62.371995221084255,99.98505206530756,84.91918669231465,30.309354918514263,890.1619433985821,26.320830937243844,Quimico,4,74.710105334972,176.25509311789202,Otoño,Exportacion
6.938539905263432,143.17729083103563,89.40797266605104,61.80203193727494,38.99235945233898,285.7046561650263,42.756150353936974,Ninguno,2,75.15135759785994,138.73799359673237,Otoño,Local
5.762089452790327,64.94468387023889,30.7547184117478,103.17914585418829,33.78765088468337,476.17170800575605,37.89909952757493,Ninguno,1,62.959627548914575,163.25476834150933,Otoño,Local
7.866160026722935,71.27632422345957,71.28240034403673,172.60167135252854,69.6724097210467,521.650469162452,12.75511536498371,Organico,1,91.91674375645772,161.92102648283912,Otoño,Desecho
5.6799623389959955,122.90263225271615,41.78159656816667,54.27015551363695,39.39525975626448,268.60140753540657,34.93602492119692,Organico,0,80.32633004591224,106.95438594337982,Verano,Desecho
7.399675357139079,46.50803080554819,39.6215779735707,90.52856443033883,14.316815218257943,568.7466320885283,14.769094193300035,Quimico,1,63.26845093844932,135.5802399447722,Primavera,Local
7.948380570646084,108.82222707619314,39.87519623812454,94.40630055871353,53.35510152860746,922.8615803516941,12.617169188883993,Organico,1,72.23238202219093,125.6170419265822,Primavera,Desecho
6.297493017009759,51.77448667186913,65.72924122759505,168.2252052009727,23.83771955886336,344.2185106242307,8.785222068258474,Organico,3,72.21287888141293,133.45265007321117,Primavera,Desecho
5.929075611287605,93.12782894944962,56.108467620061205,138.44098543353397,33.704164093911686,568.3057477230413,10.114521560812118,Organico,3,71.61768410120611,181.18384164163552,Primavera,Exportacion
6.915435887810543,118.63452314008052,76.72974259853463,158.29245752507006,32.938928406125385,377.8267418410496,36.674481365517835,Quimico,0,74.3498080453768,135.34751867739016,Primavera,Local
7.487666410405767,13.65950317127528,19.533655392530605,141.74329910874238,15.069691818680141,982.6528846313836,49.64547309796745,Quimico,3,70.00088400149036,134.61307189201722,Otoño,Local
7.873687623962107,22.386790325970733,45.41556941301669,122.60842196825239,76.5662610838974,298.5386446766703,35.410654750195306,Quimico,2,75.94278219890258,151.37747072370792,Primavera,Exportacion
7.234185635428187,140.81240976965017,86.73069028162365,35.15775216450954,48.294536179927654,198.39723761293988,36.8810230314255,Quimico,0,78.74752884816837,141.4654762315475,Otoño,Exportacion
6.339682788095189,124.21613650065281,5.300616999634588,168.26034602681906,20.937491653788634,228.3565986256949,40.221940064378444,Quimico,2,74.01957662224979,123.30264234078047,Primavera,Exportacion
6.735865394602756,132.78133288453984,64.23176363783267,125.38295532762534,48.90290621084788,430.34463411581976,45.00551158377072,Ninguno,4,63.81828936088833,154.09520291202557,Verano,Local
7.403001464710549,71.451833457251,79.64501702952008,143.22260739108705,41.610279277112795,597.5664014573529,17.04783829067207,Organico,3,81.73501708469301,149.60168692570684,Verano,Local
7.469831059169354,110.28926226859396,41.466174831834145,157.96211698396425,34.14080806651094,701.2099246215191,32.20455580402856,Quimico,2,69.49994150757266,130.459318825251,Verano,Exportacion
5.6860931224241344,149.75853317788415,88.94351889277326,69.22297235213037,43.07299691328416,606.1718081836935,14.74866223123817,Quimico,4,72.05400999287798,156.20767416186072,Primavera,Local
7.0343491517429815,70.55437339774716,74.89071177353965,93.08973890061786,56.8733528925306,914.9829197580782,28.653688531630934,Quimico,3,65.85065372899054,137.33112609042593,Primavera,Local
7.918425130269412,128.5491761738433,62.5745781618054,112.84522707428201,23.966556037103956,424.2619591535745,14.390083860719688,Quimico,3,82.96696074735273,174.6887018413706,Primavera,Exportacion
7.463141752084757,21.099621829221682,23.840635433499838,75.13626960913649,47.651654920386086,741.1002853363722,7.880239709329638,Organico,0,64.22453810810576,94.78604626754358,Primavera,Desecho
5.518306964622965,86.14077679762333,68.6598744865379,59.12199637768259,66.90930145620663,341.36298139285515,8.972804088873243,Organico,1,68.9166475191699,133.55355102651333,Primavera,Local
6.062353925272157,56.65357465586101,84.20785241364601,157.59822021706253,25.574407244518746,713.5839731462477,48.933607832161755,Ninguno,1,95.14179873597817,153.69762168302998,Verano,Desecho
6.6125219406601605,83.2326558813096,74.34135922371463,153.209093944817,46.08718513862716,933.2330338585562,5.270813686080949,Organico,2,52.01068149473933,139.74441820116442,Primavera,Local
7.265673670393316,25.970414590141864,59.611401973378676,168.0418645812884,77.60134347049181,980.5633864263752,36.05742474969661,Quimico,0,61.44754129720488,107.02870733960964,Otoño,Desecho
6.888116781687003,61.475470742706776,72.88479968122532,142.3720491843812,66.03541756222363,756.7246242760154,44.92883939462378,Quimico,1,80.86815292117994,208.31565082242938,Primavera,Desecho
5.693319645513574,20.714163190774894,97.80441444755223,69.22818718651078,51.51121264575307,948.2018363427343,22.716667565189937,Quimico,2,71.17560962949692,150.4051398441247,Verano,Local
7.345671457220864,73.43303924400013,6.026412396950157,72.13043058583938,62.43794758830722,712.39080052862,36.86516795398434,Quimico,2,75.78609626684784,112.99550180620608,Verano,Local
7.596784204699228,71.85128406018171,68.07321876486506,110.28089395869588,46.79418163409445,966.8766146605192,20.699928124488604,Organico,1,56.831246720798745,173.34233537050443,Primavera,Local
6.014394564432523,56.15941971638724,80.33429516755187,168.76313687835628,79.05979430052608,908.2185127811076,28.803418323691716,Organico,4,68.11275714510009,138.7157891428397,Primavera,Local
5.668559082777099,142.76368750898692,65.69469493774005,75.79570115205534,21.84259144270115,195.95768590195996,47.106448038445826,Ninguno,2,68.80665451944984,181.92086029985617,Primavera,Desecho
7.47739380095409,21.61069803045909,30.94374914428252,155.52841025182425,60.37056134337908,526.7108481173891,6.905078253314773,Organico,1,70.1416746125327,137.98604990119054,Verano,Exportacion
7.101115885977315,125.4830106278544,83.16195267272741,68.08159221516138,10.416797237337898,412.7048989115566,17.02287316558599,Quimico,4,70.86224568884256,174.82881318564014,Verano,Local
7.508760064741635,59.689799262261026,91.76341587329647,74.31982274788913,18.798652965829277,124.29917599883952,9.769485441721802,Quimico,1,48.807233170384784,150.70874172208408,Primavera,Local
6.916491900367877,37.903920598341514,69.93294951845135,152.94951837243,60.5268535676104,520.2137947844546,27.316644449947425,Organico,2,68.62083029293522,150.56451172171708,Verano,Exportacion
6.571344733270937,48.15824622146359,53.54729948184062,138.9293154509076,63.154324812979034,233.51606804118958,39.671618555794176,Ninguno,4,84.95896042425728,130.28453721321188,Verano,Local
7.907694282263373,136.2651343637377,39.800483396665065,49.56339240873794,12.757842557815472,132.80761694713388,48.94698753930614,Ninguno,2,67.25882400483432,137.0565784818343,Primavera,Local
7.449899388303393,125.48580689426613,36.35539200588177,167.13403401352824,33.37008194439436,500.5162998478579,11.995163811483856,Organico,1,60.76930929996817,160.02264507029372,Primavera,Local
6.529790615622575,12.206070107875473,73.70662632007188,159.07597745118463,18.27334317590894,309.1469901369884,6.976882046991067,Organico,0,64.05041552618954,141.71952257105642,Verano,Desecho
7.768795215931917,30.626122487700005,62.67672226108424,161.50943716805563,72.31008176601179,941.7626237872788,11.225701151745742,Organico,0,81.92244710633145,121.21594150025608,Primavera,Desecho
7.983748115420168,104.50379968852668,19.900804465590763,99.36672398626746,41.77177994147657,831.4275820230159,48.59386320285934,Quimico,1,44.76830642578996,127.09298531508031,Primavera,Exportacion
6.270591285588477,54.43796188874119,18.40418132803746,72.44152838815577,40.97743969246648,960.5540221970163,19.405803280871893,Organico,3,76.37832770024237,165.55306775353307,Verano,Exportacion
7.731191972245519,138.6797552620926,11.75442434852836,171.45854303199363,67.67076857015655,893.3184189999182,17.022761210281153,Organico,4,73.75712856623628,170.91488449117253,Otoño,Exportacion
5.613493685052765,120.11023322143848,69.93363230647913,121.76046354286716,58.67582398503931,755.160752854735,38.07802636244639,Ninguno,0,61.95328933257434,179.11993236226255,Otoño,Desecho
6.035872506440045,132.5054270419355,34.8646152459546,186.88608563898566,74.56048263292774,637.8783169414629,10.430391958953155,Ninguno,1,100.1837670145442,139.88628483591543,Otoño,Local
5.902280681631346,37.00186424576996,6.923034552158294,58.22713628576958,75.70617442443954,158.90909532645276,20.708378771587377,Quimico,3,79.49335717239505,202.85135533147098,Verano,Desecho
6.391483950644596,31.0987303521147,37.080809892374,195.36905711457013,31.923585934103738,339.2265104641684,11.516523021977633,Ninguno,2,71.85152080314656,179.60581626574975,Otoño,Local
6.906556445144048,140.47019168196613,84.05108193843643,82.05142810541572,55.386490448830905,739.6669358055386,48.8444215417564,Ninguno,2,81.72370465878345,148.75423064527016,Otoño,Local
7.29994962083604,66.58716546555186,28.527940368116823,83.0496434127311,47.925260242899405,461.06260201208346,17.830521431875873,Organico,2,76.06011105393196,151.25538581778986,Verano,Desecho
7.757009492917857,68.20033927468629,65.18719249276498,55.37516337930611,51.70699023982857,392.8278689715729,17.113785390142027,Ninguno,1,73.85263362080607,169.56202298638757,Primavera,Local
5.896369082929695,105.83988883302612,46.76876237942567,193.35481810524047,53.771687080150706,193.57132062722837,33.54812512852406,Ninguno,4,71.99671757766832,126.69693493449753,Verano,Desecho
6.945708787288726,65.64315616411598,57.145109252086954,17.545705117535597,14.201343819698657,163.1656987420044,5.747734395098776,Ninguno,1,64.74601462242683,106.94016550233724,Primavera,Desecho
6.886733319172583,132.5267888379219,61.5984072279895,99.93794992600557,72.65461084309682,288.98902682724423,34.40919309694555,Ninguno,3,80.48632766329567,154.74515501878818,Primavera,Desecho
6.6461846633002875,144.27048373518213,48.20704317563045,79.44150269006082,19.81945747878795,851.1182189725408,25.42347347323219,Ninguno,4,68.93306277055612,153.20981624052388,Primavera,Exportacion
7.2364566183109975,56.55265873823171,10.496304981182412,40.26002779654271,39.710263217362076,696.7143492825279,13.286075512714529,Ninguno,2,81.61417577716601,125.92616954325449,Otoño,Local
6.783402779809192,39.12807412189983,58.931064608321684,145.5162539589908,30.445532546299855,406.85196714760247,26.885434067616742,Ninguno,0,81.38229969541183,129.95776603660352,Verano,Exportacion
6.8754784948984575,20.542787000993005,42.76485717586293,180.68100843157055,48.76236974401767,154.9256193717282,49.95447165691292,Ninguno,0,79.63433040414436,178.05093179581252,Primavera,Exportacion
7.758327495934583,40.01079007055924,23.98859102111201,56.27815798131008,77.30419796305343,269.5352780139033,42.74626867909083,Quimico,0,65.83238092691802,153.3151587234437,Verano,Local
7.650680526618874,29.52235936542936,90.16827942929913,104.55448010801275,38.869724051708204,504.89634063312616,48.83738575246211,Organico,3,61.509049913162045,101.54158632504826,Verano,Desecho
6.943335002167505,14.07684671378971,74.92638291188796,119.8606532075115,52.222938753428586,237.89613101699805,46.67276048580512,Ninguno,2,69.63389601677329,73.05064880293088,Verano,Exportacion
5.890524141439653,16.53206556021616,31.986483500379645,84.19289828475955,19.88005536938016,786.3403836795092,41.91867832277205,Organico,0,70.04257148284049,82.47998688385638,Primavera,Exportacion
7.896753722360445,81.31092303259598,56.20093171339329,185.09224475341296,42.411293656986366,809.7715431027223,20.06350129933174,Ninguno,4,66.15626766056052,196.63254004260884,Otoño,Desecho
7.056749829893818,109.0911360454761,96.49575121896697,97.68807706819122,74.10491861800611,223.18400875991904,37.84712561949097,Quimico,0,80.22707974468156,130.5460143514085,Primavera,Desecho
7.518686561766948,147.65613746249466,28.31884933282422,196.72824557851678,75.26891511938449,754.1841802533287,22.619211955783477,Ninguno,3,79.19681205048423,142.32320026008762,Verano,Desecho
5.637554438339078,31.795263651999658,95.00152556099661,66.08897805200417,48.25007615114688,561.0152236543811,24.32870044563404,Quimico,0,77.62929896833856,222.25920093475952,Otoño,Local
7.74206344542829,107.7521749253926,69.91932778954086,23.91698695034227,63.80126786943737,966.1433896683106,44.30264317444774,Ninguno,3,84.36993610868122,121.08688085837335,Otoño,Local
7.2337388310254545,87.55956900681403,56.379481460321855,119.24378035819588,10.225239211511134,808.8109634466874,14.233242596167965,Ninguno,3,72.38072775544485,176.77731861694016,Otoño,Desecho
7.213562224383909,76.9375622410362,98.40473078923087,166.43461108827594,47.20538192975182,626.7684092114418,18.34674591705903,Organico,4,59.26302734832761,142.35770860303526,Verano,Local
5.775280880928526,111.05766274367036,36.702341835606305,83.7943723616698,61.27285070556911,643.2560925636759,46.87250573681719,Ninguno,3,83.97382540630387,175.85228820332645,Primavera,Desecho
7.282158212231368,43.41174222317473,31.43196280647892,45.16878396708986,33.09070920746278,261.02088325290015,36.48174848988096,Ninguno,1,74.8311176152525,164.5407460554452,Verano,Desecho
5.691593120301493,53.58084450574042,37.26136113056284,150.26560020301682,73.08091168511271,904.2647140576051,7.9204457909130035,Quimico,2,81.22620842255876,90.69937482757837,Verano,Local
5.6395648964113585,63.84556999801607,76.33154818067815,61.46816943007313,64.57394406552694,603.3229649771273,10.472586013069597,Organico,3,74.64307225406148,122.1402615004108,Primavera,Local
6.313369828754499,35.535468025624255,37.015622004794096,156.25016170252783,63.87881115157988,616.6872946311311,31.079670401079422,Ninguno,1,64.21717564143324,122.34135288758529,Verano,Desecho
5.557924086611279,77.00700412199367,14.762423870720403,59.84108549887753,11.486354330955209,617.8765074269335,40.94397325655066,Organico,1,58.14912676703645,156.69001920159218,Verano,Local
5.899063064858827,28.46132039391825,66.20964916260058,115.88476535477693,22.871734329110694,348.61218484445766,40.67630692336364,Organico,0,79.69574803819853,131.4134238216701,Verano,Exportacion
7.315316856581956,54.54004245880656,26.183442022113653,178.6586568418381,59.952464678007416,830.8815354601222,24.121670629142873,Ninguno,4,66.11193753811853,157.77120202929996,Primavera,Exportacion
7.587313675607765,25.842720428537195,5.39549168102756,48.8772436420367,49.32045748401559,876.1055305079731,16.632918457170675,Ninguno,0,80.55326732263367,167.31269307557704,Primavera,Exportacion
5.948803553108776,15.023615631968708,23.919956489719873,165.9319490441535,50.49250399032441,359.09637598777397,40.44686051121886,Ninguno,4,50.065273792097045,201.44359978171775,Otoño,Desecho
7.558243853759567,59.72939483861113,82.81881574964983,60.43163767709193,11.036713367028344,497.5931081739141,47.48306579990803,Ninguno,0,76.70326885526406,166.4534717915958,Primavera,Exportacion
6.701325239072046,96.4570611805024,94.32357003028255,135.5263274298593,40.94378033191397,261.23579897165996,24.98588193304247,Ninguno,0,75.8523865261197,147.87061629439464,Primavera,Desecho
7.894736614081546,31.26461467848911,67.88551574766745,56.30543144194445,65.05047365012165,314.68820168729656,11.177435290757817,Organico,1,86.17650355921067,156.07470833348648,Otoño,Local
5.848272384605182,149.08400865714395,34.49652948228804,31.76816907929052,56.44907089918398,402.3845348033175,32.4378206037142,Quimico,2,66.02898257909678,98.96045177416545,Otoño,Local
5.6339119557223825,48.4087670376299,46.46724795580169,136.16442312821545,50.06996794591872,911.7904456864827,8.223575640186105,Organico,1,69.75407232071154,133.45263117950694,Verano,Exportacion
7.61269976442406,13.177268536073107,23.482130389382906,123.02875707583976,58.761855434227506,663.5436958311806,32.51752707463628,Ninguno,0,85.94177317068056,120.34333057249043,Otoño,Desecho
6.404963863347411,13.924807876345874,88.67390272152241,86.28187453719642,69.56885879191769,629.154095033807,12.782562478280495,Organico,2,83.9655283815444,182.62895630588437,Primavera,Desecho
6.642925480510724,103.319607795135,68.23024846508703,16.969655018417818,69.46717092698916,952.0817100019566,28.219058517022923,Quimico,0,64.66722674162081,172.39959147513565,Otoño,Exportacion
6.779485014530329,103.78185109276778,13.019196750849586,100.30306089928638,41.92168315084929,812.1884245183597,33.147238834542705,Organico,0,59.862893020034385,94.62948211844997,Primavera,Exportacion
7.562916819965244,136.3783990078099,39.85869994544547,38.25423602113328,31.545667886136435,114.44551742987845,25.10265581679214,Ninguno,2,71.3358856130451,169.50751365000218,Verano,Local
5.6900009518933405,22.717780856747538,56.112146695499,78.29961179833542,35.646478768461506,211.90115350255854,42.2283588233535,Ninguno,1,80.29206761681615,176.5828429385682,Verano,Local
6.877810667723018,62.69160332272353,80.74635769504526,121.37761550806161,46.49650038756492,322.9783697805485,21.86189884038786,Ninguno,3,77.02429818594169,127.40239942869522,Otoño,Local
6.576420597961563,134.49823255992078,92.44793707562879,188.47695044519332,16.255686735406787,373.5285005896303,11.976475332580229,Quimico,0,68.95399190654449,174.58081687508303,Verano,Exportacion
6.350700767743632,121.67482176916003,17.60397521273378,107.14927289244146,51.36944658789254,850.6560126031163,25.875710331236643,Ninguno,3,92.01502019740191,155.16891843351758,Otoño,Local
6.3703280516068945,42.68296362004663,84.28277821815796,47.008775189206176,41.728053053664595,792.9177375254768,48.359247293644486,Ninguno,1,67.16249919764694,111.56089479247456,Otoño,Local
7.825851886464472,134.5954215902679,11.249458801929867,189.78299801293122,63.12525707876836,230.90267418804905,44.60820001438053,Ninguno,3,74.30432109772198,107.75628427182914,Verano,Desecho
6.170281305758317,105.3143113242705,27.846594729474955,14.922891792669589,29.175906603006386,580.5394349190335,18.998747826430787,Ninguno,1,58.56164429542298,226.40163729974756,Verano,Local
6.636547912772961,47.00438560251211,6.996167748131796,132.1358252398516,14.641436173694117,198.20475557137704,15.921729111713063,Organico,3,63.47605946418845,143.06990244227217,Primavera,Local
6.732005869347411,16.275413666278887,11.06369650675374,59.85450179411646,72.61988898588072,255.5957243786675,26.747967068361433,Ninguno,3,70.37202009218274,160.7767151318464,Otoño,Desecho
7.299659453734808,79.64204896438847,8.079917561886472,153.9269281028521,14.765382493609348,317.96891714987476,34.4821102293881,Organico,0,75.54170586433517,104.86900232409715,Verano,Local
6.79746639712293,109.83086612721542,18.870746695172045,72.9324038012807,74.90962574366291,914.7655397133748,46.702374026104934,Quimico,2,48.5015129421847,201.34537888603077,Verano,Desecho
7.053081847561088,47.610185109144744,88.27016715315585,91.46182364375072,44.824565506346865,429.14967685981037,32.59967904470999,Organico,2,62.29936979756153,174.7733635178252,Verano,Local
6.497077139111662,33.62304177558316,31.963525797897177,156.37917550700342,13.939857342414058,924.2357507452953,42.625238773672926,Organico,1,48.34281377960404,154.64287259033492,Primavera,Local
7.2965415919035905,20.539372119550784,50.57295772803749,180.58552990604997,18.80906199689516,775.6666852947591,36.323305223654934,Organico,0,53.61186344946452,200.97205818519677,Primavera,Local
6.664629501813103,127.8834507158963,51.27605498072618,44.685153841783766,47.30674882174016,774.4653803533578,9.568536756496565,Organico,3,85.5248579767792,105.14311225372661,Verano,Local
6.0567827851073375,17.662399919992133,99.54997868925196,66.29555848177341,11.105104645472236,823.1424215802421,45.13034858938108,Organico,1,63.480249137202094,129.50731359059296,Verano,Local
7.5423255461868175,95.3165274991815,39.64392651885332,10.821707538813113,74.05916068815306,186.36919966186713,13.979184967961958,Organico,2,92.58187073714109,151.07046818967368,Verano,Exportacion
7.413630427151583,116.854050868012,30.184436185346712,172.7486045499437,65.73856049936856,833.1553145689769,21.499115000238536,Quimico,3,57.49607357751378,131.99412984692015,Verano,Exportacion
7.068725364257688,119.26746146103254,96.5082464840625,189.95436759777516,45.31862469134994,327.3251866621173,42.81177702150889,Ninguno,0,78.26979708143571,173.94484931287496,Otoño,Exportacion
6.80486803314949,101.51798820729523,61.28993647424728,63.09467873871409,74.83718365473072,985.5382655335735,49.06458003548986,Quimico,1,72.56522753902871,165.42148705821936,Primavera,Exportacion
6.021240266699003,101.39143381320524,32.50073669901906,83.06546341637501,28.18247899787969,863.3828426858223,18.977530591040875,Organico,4,70.54411914783704,186.12617458784445,Primavera,Exportacion
7.670885208012651,76.37286724747923,32.31116397918204,91.50173597672375,69.73871096733308,996.9809844996056,22.24502791259653,Organico,0,56.14335529780966,155.2029346914932,Primavera,Local
5.742980851955864,68.33895915615915,13.20445728952841,87.85285447669354,66.35879093357684,943.4046454746399,26.852613883257938,Organico,1,66.16119336105889,119.96344897206606,Otoño,Desecho
6.457959421566343,29.229669954673163,57.90252059030475,84.64631610479998,50.72736531031738,423.75631452636605,27.409624247456726,Quimico,3,70.08500713857475,140.78734994222387,Primavera,Desecho
7.631402330303924,84.94952722877592,73.75034908000451,100.41617809415207,32.318953925820566,947.5209953645049,38.7668707152032,Organico,1,66.7624061299736,167.40010988066274,Primavera,Local
6.988916970275085,19.944179130218142,50.09781080270684,39.21888216403343,49.083198810403665,397.20697620342753,41.77034302376434,Quimico,0,74.46801607322712,140.19504168880286,Otoño,Desecho
6.59654969604486,75.54760240738038,89.02150395406787,20.959200335533836,77.00531883693583,693.3454489692007,49.59661262868248,Organico,2,65.2817137078108,153.40297239812438,Primavera,Exportacion
7.4784020087655385,112.32610622921383,50.97665446876293,147.47003636360805,15.920184292986862,836.7851106546216,41.190292384383845,Organico,2,65.31342629639391,136.49174134367303,Verano,Exportacion
7.973785108149469,72.00081832360625,37.90404209863009,170.84754193739082,24.070539308639805,443.7727516055526,18.49016385556643,Quimico,0,69.98920283986021,165.3527381129753,Verano,Desecho
5.972033486540335,81.15961729997797,28.824370726401646,163.9366280413778,55.072448020900104,283.48053156421565,21.116779077524107,Quimico,3,79.50307254528389,165.98865116404568,Verano,Local
5.626832504726993,127.90882437994951,28.112866003504216,129.05903243525918,57.48980808648718,905.3982528730367,32.81260198122554,Quimico,2,90.54176991265889,221.78685107179777,Otoño,Exportacion
6.657470097728049,100.52152541919084,35.06882688139062,194.07413507471185,21.51295217738829,192.95363188981722,35.89870927281558,Quimico,4,62.9208498622567,101.10471310198784,Otoño,Local
6.218490277487638,27.86351582992305,99.2376154886316,10.293191271107622,66.44051096435848,428.4779018827446,9.048287382803855,Organico,4,47.648352937679164,159.55622009747148,Primavera,Local
7.166878843270672,86.01119435607528,39.27851992672422,70.71303930888737,74.99379588830514,586.515389658704,20.465520983803938,Organico,4,78.28471867759077,212.39520214985998,Primavera,Exportacion
6.735645896791444,61.04055214700466,54.836990060931804,68.9030611165874,15.576404213221288,824.2747010384886,14.120003284054958,Ninguno,1,83.17244852455565,185.89544325625755,Verano,Local
6.747507381030585,38.956557382670496,31.094137543495677,76.43785997604675,78.19749642161828,881.9604401663024,27.853228048410415,Organico,3,57.74035669160742,207.03110609605702,Otoño,Desecho
6.387455072454778,100.71561528231398,18.635907112872403,161.99802474940697,29.684861631341196,560.4699248760712,12.591394085621475,Organico,3,83.00760145973624,118.09613687868836,Primavera,Exportacion
6.026682622839912,64.11046516247225,66.35417681511484,76.78434916189269,31.620171339338235,616.0570767966308,31.133364776207056,Organico,2,76.24953038322501,151.70020210725318,Verano,Local
6.03363577008107,117.42297013445722,56.79590390977207,110.14588061809778,13.142985386052748,868.4430400764078,26.02834246776527,Organico,0,58.25161138159197,108.36633437319878,Primavera,Exportacion
6.467425600224811,92.11011027224625,11.443506812252293,126.64857214372714,44.81848200632166,520.3109939206663,23.176570873068712,Organico,4,43.4845884606662,124.30775068672496,Verano,Local
7.204589452174053,24.595926674993215,88.86475635367799,170.62281583368505,76.83307989957164,603.1925927890773,34.20287985958273,Ninguno,4,63.195523917757825,192.19657595377942,Verano,Exportacion
6.342872922103067,59.048899108835904,53.23244160192545,127.01369965640836,21.26892592883499,116.5949365188048,23.734474658147086,Quimico,0,80.95933579761636,114.99209708862566,Primavera,Local
6.3150427979165435,47.7780103561273,36.85537936009375,82.44823367057367,50.380322093158,956.006844484818,22.966919137431294,Organico,0,64.65927995932437,140.73669746156642,Verano,Local
6.562501455307798,30.996159421984764,79.03910955671994,142.00100952715465,29.211634381735646,610.1004070999297,34.30047948908664,Organico,4,70.89852764596442,122.03265058573467,Primavera,Exportacion
7.977153637471539,122.03073146922176,15.648570351911182,107.95175994803401,11.304800325890344,754.8168788709992,7.577882785232066,Quimico,0,53.12935235192366,158.65056894917262,Primavera,Desecho
5.728089101623756,62.994018577740306,50.009117182941615,110.39642450519739,79.10014186404103,323.1216744710116,24.461706711660852,Quimico,1,78.41772109878112,105.65793573555948,Primavera,Desecho
6.236631208777732,95.85623864949089,57.133386463873286,73.67898198243145,60.13235794358378,690.9296089073708,13.79302357665418,Ninguno,2,66.52838413334649,150.1237563558934,Verano,Exportacion
6.2300052573551845,133.48169675718015,78.63687388690533,10.305428459482238,61.482425908265796,514.0231197876606,6.735782237665532,Ninguno,1,79.72309039854196,177.286001265575,Otoño,Exportacion
7.936251945755766,86.02092549567793,40.17323928625611,77.610920057316,56.40710576696003,201.2231256904499,6.560722418389203,Ninguno,4,58.66907797732756,139.4095559202001,Otoño,Desecho
6.51794500004609,46.131277383092744,86.22157878500263,67.51640656955946,20.061692873966244,847.1495926671319,12.542930617535212,Quimico,2,52.67717834646777,190.38007736921224,Primavera,Local
6.917429836260138,120.69587223588125,71.27892644501442,29.064416496224226,24.46860961245843,855.4048607734785,24.527351493365547,Organico,2,78.95754913285214,165.17826400618185,Verano,Local
5.995327401887476,71.00567420318887,78.25215928808659,47.74087760381407,36.99673459784843,157.34193064474493,30.50143280145298,Quimico,2,77.74090766679706,139.7069032915021,Otoño,Local
5.531770849219469,88.93711549740381,97.06237606517739,196.36911484447498,79.6826924900135,451.5447152138,40.81546787697187,Organico,3,63.75152864859273,128.74898843367308,Otoño,Desecho
6.348173537956461,136.29165045681242,85.25159072547686,63.16522103981026,57.080189117304386,353.29833021477634,32.34614952145495,Quimico,3,94.35841100756929,180.48011901922075,Otoño,Exportacion
7.097582654888578,78.4985261104118,37.94489498574047,108.45002656448264,40.96661613737959,564.7323741865678,28.402504683653653,Quimico,2,72.29479158850967,140.56952836074223,Verano,Local
7.228851193787919,56.857190478842,66.35205073479814,114.37319709134887,43.930862067585,539.9164426314964,6.636496725621836,Quimico,3,68.9884707763441,146.34387906526092,Primavera,Exportacion
7.38468958081058,111.83510113168009,87.51810122462227,116.4057107146248,74.55439267164705,690.7846896547378,18.405483163984226,Quimico,1,74.58324019845236,213.12640193551113,Verano,Desecho
7.651659110353919,28.690059423240047,54.88655048688803,18.992345672833707,23.75045670893668,322.73889534133093,36.152186590005186,Organico,4,74.948678628236,180.93920703165134,Verano,Desecho
5.789057605874427,137.92139166434293,69.86598576155843,156.57781472104685,32.46115981398066,299.52948999164255,17.17315180770312,Organico,4,81.20808125269471,126.2533782741946,Verano,Desecho
5.706981530553485,138.17649374859167,21.36481190526374,148.76555461203478,35.96117873135002,750.9939632024015,31.745293925646365,Organico,4,63.99980650470101,152.82159552923744,Verano,Local
7.4692135081971385,91.117028175151,82.51185628660593,195.66650594818847,72.8340440351492,978.5846840073483,32.17554854826463,Organico,0,71.25994128502485,179.76412191581514,Verano,Local
6.589378347581374,31.601417396499876,76.95875997367465,45.09133989129536,64.37499198644656,951.7099799635047,18.73075130913527,Ninguno,1,68.75758216501873,130.43096267842625,Verano,Exportacion
7.867791816679164,73.29275115334119,89.44491785578211,115.22034797415026,51.35496734134124,812.7875866219334,30.721764071026474,Ninguno,4,71.8876951434073,192.79624044092043,Otoño,Local
7.858711766129829,69.26270475251147,72.46413142913036,162.72774311557956,32.03090909530924,160.72125695330905,10.128806924177109,Quimico,4,86.39382039782944,163.37710726586997,Verano,Exportacion
5.85413026430752,51.76391255838203,88.30555642832422,33.62574388029586,24.154159233000073,313.9965912369146,37.71370882208937,Organico,4,68.25585197332116,218.6904909719671,Primavera,Exportacion
7.228061917857037,34.51401718667783,20.41052919064108,160.0184459124107,33.15288369322714,720.6646589036397,6.013745879794505,Organico,4,68.24709585532325,141.7635443016999,Primavera,Desecho
5.667768281475678,46.9173791965451,82.29649903144156,61.29302394873663,75.06167402022533,366.19536915027186,6.589624377124261,Quimico,3,70.07894619551506,167.39985935296775,Otoño,Exportacion
6.508525061058135,87.77398979345817,95.53188949927494,63.36075443492209,73.71579134958797,454.26096618304484,44.16162684278199,Quimico,3,68.79851367033059,128.43755684077354,Primavera,Local
7.604275109518995,105.99894663976058,82.47323661347478,189.66315546302116,39.53684806133403,958.3150369092002,31.112923925000683,Quimico,1,68.21394409966307,147.32753159273923,Verano,Local
6.652398806303507,147.14346502396901,63.44665351622092,69.6358872120382,32.78723291189139,177.6765415005417,12.331136431082811,Organico,1,73.80901417426122,132.31362373047077,Primavera,Exportacion
5.584033583211631,40.206174119679,93.01750986976582,121.00510825642014,71.92137230647637,875.1208311279842,32.07371812381753,Organico,4,70.80006517085359,180.96646458939577,Otoño,Exportacion
6.100821609219968,38.56227336214653,13.976201026807558,93.61766112404337,41.23616485083092,145.26831965551514,21.64315674122982,Organico,4,72.21287083046181,100.89138498809561,Otoño,Exportacion
5.715926107851378,26.384668389153806,6.602136752765961,24.850272178124676,12.708985201192558,404.14816612593404,17.14405239958246,Ninguno,4,76.18019985441457,65.19810259952789,Primavera,Local
6.520588229599094,141.4590884296549,96.70542044804648,190.59168662531934,34.20179278135562,599.8611842880391,41.509611810204746,Quimico,0,78.7641492184556,158.63022349656794,Verano,Exportacion
7.241747622523741,63.458873431742134,69.88549334293374,50.60779559416015,52.51065961081839,420.74578852611126,26.478886817506833,Organico,2,79.99700983621548,152.11373749631508,Primavera,Exportacion
7.150893515207443,139.35731189194584,15.845813481403336,60.861960091943224,76.12133010166308,961.4413233447334,18.206289410064286,Quimico,3,79.66692152340036,126.94259110429851,Otoño,Exportacion
7.29734998694891,134.52096914085942,37.301166935735644,81.67684560868967,39.72144761664841,553.9375756841987,47.466253432275565,Ninguno,4,75.78500699195898,153.16956376176626,Verano,Desecho
6.459540020554021,16.1565988851291,76.13619794680278,104.72183889999046,26.80874976467521,760.4551199667247,12.426134616784143,Quimico,0,58.476715329902156,91.42089486361911,Otoño,Desecho
6.163198997251948,49.16796250658502,76.28681872821106,37.41428605257802,36.914860042918214,731.8587784373676,11.39034504139644,Organico,0,63.38422826781552,197.15810796542877,Verano,Local
5.642330793436508,52.353205689162785,21.149196498015115,129.6879519132724,13.99411628961153,851.583106247321,9.378673717751212,Quimico,0,65.8344482234046,126.43610314766148,Otoño,Desecho
7.853938400809987,48.828587984443075,49.66402830956965,107.79347376052006,72.91861219200914,877.5227057203418,10.599544893314103,Organico,3,68.59405892950414,181.25606043807372,Primavera,Local
5.7957006816495396,69.54701379997493,81.69455420928611,67.57196223059299,12.339604814512187,519.6852931187684,16.37533334945534,Ninguno,2,63.09088130370421,115.48554093354822,Verano,Desecho
5.945610402861286,79.90309944134948,96.84574013723858,141.60384247738318,10.068061900548926,876.7024834908365,36.43268619603916,Ninguno,4,61.89252176095522,109.55705072974195,Otoño,Desecho
5.562502002660654,116.14791950787514,64.1437308499284,107.6752269975886,52.989330987377485,688.1048380358994,35.23360160140819,Organico,4,56.26215782718779,121.81270675068008,Otoño,Desecho
6.292920559403108,47.4784056705241,65.62266802956347,169.73027085467766,20.77944544230499,717.4548926271395,39.35577605801835,Ninguno,2,66.51855450852287,151.25425410548036,Otoño,Local
7.54711742528556,51.82453172958864,49.58818333615203,172.5269111836215,30.72534039794242,255.91293898328766,30.90069524692816,Quimico,3,70.99416269435292,177.12567886958732,Primavera,Local
6.330616830507188,93.80478912783046,56.21050948319838,196.2202724777156,44.36888181475797,320.58951193038547,27.16748431724777,Ninguno,0,67.30150545958541,197.24929655374942,Primavera,Exportacion
7.164956817096268,35.09765420298851,14.398690157924952,22.793793987482793,65.4481980398445,718.8982100954906,24.434780602778844,Ninguno,4,66.87637912963706,182.2222720442932,Otoño,Desecho
7.913861441187485,76.24699942942578,38.21086830919036,86.98394168275202,37.12574529207585,339.0702827168334,44.35895557342932,Ninguno,0,72.22953393091032,107.6828840754368,Otoño,Local
7.73132649686619,45.137913965100076,53.192901596533225,105.2886050886793,76.99750898897008,541.0359970374559,20.45772541009837,Ninguno,2,75.66704226578281,144.1140039870702,Primavera,Exportacion
5.94993037375822,37.71861426346947,31.123217024931144,54.42387451169412,41.72377225739837,540.9687716751228,45.11848055276838,Organico,4,72.23913508586404,135.10872274328693,Primavera,Local
6.39801834294369,121.39143068302297,39.18375798170142,185.18668620296265,74.39925159255887,310.6330375955855,17.399286056529554,Ninguno,4,73.61840999022284,147.532403895386,Verano,Local
7.37785124527989,108.99719160013639,97.2636813201719,26.744393085961224,41.66311210841677,609.8446512406722,12.079370180760254,Organico,4,77.28448229694476,161.42292965200662,Otoño,Exportacion
7.944146654103653,44.97376600789955,5.4942326463240345,91.41615799121494,46.13044720245229,607.38046835145,16.481414696817595,Organico,1,64.92909101996709,126.84076542309236,Primavera,Local
7.289837346889733,68.12429352090996,33.75112677774395,45.1862370521035,77.06537147926042,216.11435780757904,27.456172468555444,Organico,2,81.04877880995058,209.15960609731127,Otoño,Exportacion
6.130531301313713,31.59136867049938,60.475631521944614,139.60637405839356,57.243096602956314,443.0033110361879,46.66494582234697,Quimico,2,64.86268662541254,137.19860681050386,Verano,Desecho
5.832056766066084,17.443581421166893,31.501853960281288,143.94854291667934,20.45605252372642,429.2436510925984,12.978932347025511,Quimico,0,66.515380453784,172.45499336084245,Verano,Desecho
6.737899215175197,91.93082850114784,69.26406620501649,175.77766293990186,51.89875009862492,605.879744591557,31.09557475507373,Organico,3,47.426481549573715,106.20303979836112,Otoño,Local
5.98237839421979,60.898935489911835,33.43113264044779,87.70440738182023,25.765514529250186,774.3980974485573,14.7974521772462,Quimico,4,64.64310582081008,209.35161043328895,Primavera,Desecho
6.069036992853226,39.01516904866527,65.62973179583972,157.27097181844996,31.676721134900927,116.40975817733779,35.49403250790232,Ninguno,4,56.76539037851283,170.14998821069096,Verano,Desecho
7.086079502732003,26.044860406053616,85.73694665805154,114.4203079081987,68.67050836984173,219.30511487283565,25.926576845514166,Quimico,4,81.70606021035901,141.07186603047262,Otoño,Local
6.787088381806754,105.20389236404249,67.57117442035937,164.33147289838257,57.75015235768817,371.79543341799473,38.00919748156036,Ninguno,2,78.58135625488485,160.64147846500862,Primavera,Exportacion
5.801733186377482,48.00440084203657,9.739031548553758,26.222008333456664,30.08151368395959,829.3719204979254,43.524896429767786,Quimico,4,63.91058984562621,162.94742787171808,Otoño,Desecho
5.884195277748121,137.03444743852995,80.54527011341183,98.05505414447542,10.328205232800249,532.4659818466578,20.0634710274182,Organico,2,65.50560766868975,155.78271648246215,Otoño,Exportacion
5.548585984061645,36.992790966741254,25.216130405243277,38.60651253326125,47.18269310565443,559.7979283914954,47.218494066706036,Organico,3,55.291328696204275,141.7835712465099,Primavera,Desecho
6.04914970967922,44.12851618747496,65.30520812595682,160.1675420628774,27.511987315168266,468.2874935295484,26.078999221615415,Quimico,3,61.59917118166931,112.22533438840404,Otoño,Local
7.7182829008894895,129.2428519126967,66.4396997981788,39.00756322010089,11.98185446474591,473.6302529683228,47.1485433219409,Ninguno,2,75.2055356910889,197.35455882013616,Otoño,Local
7.482583365549425,90.14030159937063,81.35502490352336,11.531470396763915,14.42970028069034,979.801230197077,15.378022115977823,Ninguno,4,82.2546325673313,155.646225298045,Primavera,Exportacion
6.536954753397791,25.173013807617608,53.053196438708206,186.6095105908288,57.1275113910834,908.776767451923,45.3688589998241,Organico,2,68.84709976536985,127.06267708006538,Otoño,Local
7.354835252655865,86.92442630700334,40.71652057656745,102.07368007603472,38.999910081027494,753.2806180218662,20.014546765385816,Ninguno,4,70.69711755125525,141.81551965050525,Primavera,Exportacion
6.51742315267778,53.13792748855397,54.21268106837393,197.1862687059351,28.373433221714002,391.6749104211442,38.78378447475324,Organico,4,70.98634927907008,185.0618242599724,Primavera,Exportacion
7.480260098869924,113.17183720372303,56.84690855457,96.06947452858431,71.57901625067109,562.3183335185663,48.56822177348941,Quimico,1,64.66702460448838,186.94801109987563,Verano,Desecho
5.954864938783047,20.89061741697367,83.04612368817645,122.25060096932334,67.75602845110073,720.4716029066291,46.04728766894859,Quimico,2,72.56921017337172,141.44820468262628,Verano,Exportacion
5.881293399307683,138.5039769153628,24.48174605967311,151.3933062167028,42.6332545653963,455.1177679063555,25.864462633922596,Quimico,0,66.98688150816892,133.509922671271,Otoño,Exportacion
5.694851515785744,76.94835673202408,85.44905092537138,63.351684272319545,29.291121334095227,572.0256864340558,20.52055345934145,Organico,0,76.1788668318611,135.42936952900493,Otoño,Local
6.10451585678225,112.79992278117106,39.74222305537619,35.24271578373943,45.502317865526024,231.13979888234869,32.56864711740042,Quimico,3,69.3585250897906,181.16378056702058,Otoño,Exportacion
5.865790580406016,108.65262298552784,75.6669196426025,135.61460747969466,62.70489614250902,184.21897934779645,36.76142055750187,Ninguno,4,55.19573100267598,188.954516752925,Primavera,Desecho
7.496603432486523,34.95511887743436,36.89269555722145,107.03049387914805,10.752092934206445,250.57876891760066,29.311101776722584,Organico,4,74.86029176025848,142.29923863046236,Primavera,Exportacion
6.099929225360571,133.21305863432679,72.34410816082179,167.09222139297734,52.87962954793512,780.0914287022924,43.181413490901555,Ninguno,1,71.21754567249354,169.1478108310803,Verano,Local
6.790519019508164,42.57818118778443,80.92203543732201,18.563070581902956,59.70892304793483,270.9658227739767,7.622018797825192,Quimico,4,65.27913511428048,140.2457964046442,Verano,Exportacion
7.390492880506474,36.67942499140573,58.01621961369255,113.5063203494603,67.17568759119351,932.2495115382021,31.98369097817528,Organico,3,69.53160548241598,109.15796689640165,Otoño,Exportacion
7.192686126704586,82.88986016612525,63.85673918228537,45.2936199822166,25.163025965633175,431.6939647061546,28.63592944689429,Organico,2,60.51628017966598,168.17114642182588,Primavera,Local
6.0114739337967045,147.83653534850137,72.23725423378494,127.29031449275722,24.240642713009535,252.129527879262,6.771377274118902,Organico,2,59.26361327842119,145.17989495595407,Primavera,Exportacion
5.692679616723435,53.87523697976838,70.4005993522803,154.48355638782795,25.10085078275544,842.7197210746024,5.572002451896326,Quimico,3,66.04028895126689,145.86138950943692,Primavera,Exportacion
7.779404103533721,145.02316854629342,74.10447727988067,59.971936465865525,75.20023311069835,510.9821565331378,32.275837850124844,Organico,1,72.97917060530601,174.0542949370553,Verano,Local
7.054984346883851,70.91276794800228,85.71915727837091,101.53984919840376,19.86836059798059,449.6138568951925,10.309946696504227,Organico,2,74.04637859591568,109.90770743566453,Verano,Desecho
7.2664092506987785,126.8546056739223,25.94905972906263,89.83879158926766,63.52514512542399,396.50785869435055,39.58391668207142,Quimico,3,58.4881020157585,86.221638476913,Primavera,Desecho
6.465035115509901,84.19780896294422,25.399493289528344,153.42545363610623,79.07253089303782,397.4612230549512,47.71619977231509,Quimico,4,69.86645775919571,161.00752080006794,Primavera,Desecho
6.104017141072964,38.73657114537518,97.21482952842074,123.974879378624,76.24000560333324,697.0969107305747,12.983731031991736,Ninguno,2,58.99729317520699,200.77072468526592,Primavera,Desecho
6.826543663713858,133.19905371357027,85.87546232802153,32.93440585862535,38.692418518590344,586.5833300678877,40.935840459163416,Ninguno,3,70.70787449555529,178.98930025513516,Otoño,Desecho
5.6947046693736105,20.07527435011493,61.211987858945406,195.5821411752377,68.75459228286377,520.8774612973205,31.61384484165559,Ninguno,1,68.05119890114285,127.12226907882655,Primavera,Desecho
7.499941109093799,105.58562541013791,5.77698567632339,183.34412675389498,56.90986380856231,502.33734627573,25.157289911521058,Organico,2,71.54517211771979,158.35108310713102,Primavera,Local
7.13626257862633,126.30618465237785,86.20203195382949,119.95680247090948,70.79242391468762,227.8009501666413,34.26342383579386,Quimico,1,62.76038650792107,165.48698214011011,Verano,Local
7.4040849761191545,126.48356536985,76.40167418265337,157.7206130161862,21.281471331682447,845.0894232397903,41.10521625875442,Ninguno,0,82.66415663416888,167.0305116635104,Primavera,Exportacion
6.923152213449827,101.74187625101457,95.85573737511723,13.79439314737364,63.545584068180894,934.1629712664275,48.679037019876716,Ninguno,1,89.29285368429103,132.17718261374517,Verano,Exportacion
6.944772858398043,45.13963537511529,6.250373311975741,48.283446589091675,51.058996366751416,821.9856893585024,34.722196505789455,Quimico,3,67.45999752464766,131.90392883464108,Verano,Local
7.000939150341482,84.43334467649663,7.709945569435753,155.89397538110768,47.80766263844864,506.14032906168893,38.61185772471358,Organico,4,62.63847751368875,80.29563150093821,Verano,Desecho
7.460397659432368,98.13508417229357,54.15779844320408,30.175722588349878,61.02300350793456,974.9742434598013,32.338355713229156,Quimico,2,58.88833181532067,156.69526953880344,Primavera,Desecho
6.063463517188843,134.55720943472613,86.32467488241836,18.118068644005813,29.114227351090744,656.7799540867073,30.42703520672645,Quimico,1,57.067735851767125,172.91738819396573,Otoño,Local
7.203830278984939,32.35352289720128,99.17505586179809,126.98602387048153,15.221409420813888,796.6745691139062,7.915185249625207,Quimico,2,79.97948301407504,179.16084456028773,Otoño,Desecho
6.8817641567038965,75.08871819361838,35.40239674071074,16.50594091379063,45.14846574981098,767.1009948965828,11.97834144258735,Organico,2,64.87251074494114,116.78588979670172,Primavera,Desecho
6.737769381295867,56.639031225810555,8.454550159313559,44.79162969210741,31.14936099922555,737.0320261361582,22.066377339187603,Ninguno,3,56.43504730366857,148.06479446772357,Verano,Local
6.8522663843119815,69.8797331424767,23.57326219033964,25.19656469315512,27.94838289432552,677.7877850340724,34.227660744320374,Ninguno,3,58.28892978245225,147.24604647171287,Verano,Desecho
6.180500326199577,35.626906078153226,88.31598508608475,111.51160049605076,79.8965654408561,290.45086317712116,8.410739369263283,Organico,0,57.42105698593495,124.20019332363593,Otoño,Desecho
5.592701596208266,40.44032396380101,49.312785974781185,138.61750631579795,23.850256671085084,365.00835547753314,29.496977062152958,Quimico,4,82.68304876879297,181.10818251237177,Primavera,Exportacion
7.397909901863709,117.7788513918381,86.06416084319268,44.828746917997634,26.49036928271804,898.0457543461004,5.593212387021572,Quimico,0,84.19898469833826,149.89513882074976,Verano,Exportacion
7.790433808565976,76.97268669988588,47.1712876953364,99.06394811528803,33.37178515851487,261.9636655104862,39.47420539827597,Ninguno,3,67.67464893023077,134.78787145040144,Primavera,Desecho
6.701906451239897,81.9806093618611,10.07203224965862,13.832503937539547,44.79014145455447,236.76549491548198,35.01200216575056,Ninguno,0,66.38327173768523,184.00654818013174,Primavera,Local
7.594754511329898,135.64693498230196,63.66964687321212,60.28546894917831,70.837770552231,355.7446904041916,28.430387680419738,Quimico,1,48.842986321269535,168.596397452196,Otoño,Exportacion
6.888141083679751,43.59714730772361,46.389647132859395,44.124826830600846,22.347577084137125,426.2437897748403,30.701419156477055,Organico,1,55.55489494443957,129.64188148340475,Verano,Desecho
7.825755554137031,56.09801763823741,51.678553868715795,41.53322819399385,53.1175471470365,597.8165815599209,46.974168501582184,Ninguno,2,60.86326542286507,97.64562489510209,Primavera,Desecho
6.7710438001769,53.206292299756235,95.15222067549418,52.753796400930376,35.796664383873846,644.9842570712354,45.80134527416771,Organico,0,75.80801686714233,126.73713152726245,Otoño,Exportacion
6.012131788536489,102.29333995826391,48.42212391658527,163.01537240673707,65.78403085594141,811.6050953442217,40.67381318902096,Organico,0,93.73834702504993,153.09355796644547,Verano,Local
7.675287782862447,88.74310058819238,80.67010988014388,190.4526128691977,52.13157001364341,166.06601855830206,20.13018579529832,Quimico,3,77.3369962168869,134.61645030697116,Verano,Exportacion
7.500679483295502,76.01624713438568,10.59669339147251,144.14993603195006,65.65652800044876,287.41070525322993,9.82610914978695,Organico,0,68.27889153044786,114.42477993284317,Otoño,Local
6.4950268369692,103.517807399064,50.50870040793052,23.728545444992562,69.85636503205613,554.6457149839694,19.464422113696358,Quimico,2,71.40949265243627,142.43598853603183,Otoño,Local
7.604778863150263,77.74861008587064,60.73600925382363,129.35112432445828,73.84911146703779,325.731347353762,38.83830139266383,Organico,3,71.01040097052339,98.46348684178463,Verano,Local
5.522626181803223,124.23402988994269,15.756953773655733,149.48191380608364,79.69736866148456,886.1366784725304,32.49503329973854,Ninguno,2,66.53894139348438,166.49290176290035,Otoño,Desecho
7.499368004637176,67.43403780356614,33.71216534625546,31.113811512565995,53.320496815104484,676.1511748729732,36.750726421110386,Quimico,1,68.25044592969041,212.6425790316035,Primavera,Exportacion
7.220100406773062,134.68506539822357,75.26139677722948,65.92132694733002,54.62752104814246,541.2104271245171,9.739826371760163,Quimico,3,52.591904089707725,167.83405506872685,Otoño,Local
6.44919524940455,26.748204698490042,22.471132198746336,91.39245114646643,19.8405082953806,100.39925449299719,12.130109980660595,Quimico,4,62.462420532768355,188.70362723785732,Primavera,Desecho
7.478964569803646,23.1527314449733,17.202880379634173,69.03755809328533,17.35665090279978,872.7834041428302,34.894389982466194,Quimico,2,65.76911725023635,130.08189232706226,Primavera,Exportacion
5.816654698206243,101.79821218599143,33.431173477889345,108.48049422522124,44.13382051490952,514.774338916498,21.73102472544616,Ninguno,4,58.722756695659626,139.09373302042582,Otoño,Exportacion
6.008298550171724,64.55882159486698,86.6013596761297,34.87483790419692,58.558176762751856,578.2683183407869,21.613453288903305,Quimico,4,71.89105824296858,113.95119793808213,Primavera,Local
6.833950077838671,73.80001000950067,77.47963247004084,94.50238660902487,27.373810298898018,728.4443175230305,22.66967600045428,Quimico,2,75.2168718660034,167.48215015969788,Otoño,Exportacion
7.7025657192241495,107.44261017321607,78.79614989204431,149.3232460337122,32.901364751027,943.7098576535436,40.81729456393366,Ninguno,3,82.82225850702307,180.9663675648627,Primavera,Local
5.825262578262778,40.035513629922505,35.633464644406246,97.57731616324817,59.0089556945115,242.38900341999624,36.45742957552906,Organico,4,65.64936217609156,130.97820558006356,Verano,Desecho
6.910671694666352,16.149916747207595,14.399211069152601,49.98263283809076,24.816285340977586,164.06576054095456,9.771607354115966,Ninguno,3,50.90356654932694,156.06661658634195,Otoño,Exportacion
7.382829252644694,71.4444888423239,8.035511045490395,162.4013824180286,46.49597743345646,209.71801856291728,20.49607926627879,Organico,4,85.84442112484867,105.09023966257818,Otoño,Exportacion
7.3583836845687145,135.26154836846476,60.688850293542046,84.93516105149818,47.703558969772516,766.6517720443195,35.32244545626773,Quimico,2,60.009527733563715,144.73034722107732,Verano,Exportacion
7.06990283042456,73.10330297097929,71.7171310708097,90.76755611034243,74.18667425648262,216.35004475964774,48.92581400377082,Quimico,0,90.37640018868181,124.41742951692126,Verano,Exportacion
7.8523026686842705,90.07500765589099,40.89965814036697,77.9484687028613,38.15915782496781,550.8829075170578,46.05139538289581,Organico,3,85.1928485254146,153.76698861961108,Verano,Local
6.70534282682319,39.17153150926967,55.24186793651043,65.04901047749348,24.738291938001773,735.8454432192086,16.17230307525702,Quimico,4,66.46235073458067,167.67852628716193,Verano,Exportacion
7.700611649543936,74.97035121801422,31.505367722079974,124.37010728617616,22.17259174664838,741.4856409330622,7.971484136685086,Ninguno,0,66.79969223451918,121.29041118076029,Otoño,Exportacion
7.04895984919968,77.29163878266554,39.60871070721027,45.68338683594929,30.520815156045696,465.71738035095535,30.796852795172363,Ninguno,0,57.559150930555575,109.36342551043056,Primavera,Desecho
7.343666697121775,42.91977104516806,74.3325329539864,156.1536418173045,29.524437039704633,728.7529923717568,23.281264870217488,Ninguno,0,46.80829632385407,147.20140949426695,Verano,Exportacion
6.662080462783553,32.931533443594226,73.23092095967881,101.52290427637269,62.51381397365211,955.0100058973484,13.252552616912315,Organico,2,75.11646845954088,147.95562352095283,Verano,Local
5.9190483493426544,59.0360875220241,7.668712076126356,177.88162435537492,51.560558391917944,125.18095250817322,34.324124090871734,Organico,2,68.2024660519719,146.23322509882493,Otoño,Local
5.7727385543875025,15.441162989100878,94.70199873493124,188.38926047588538,57.76991217764256,704.2421258388761,12.215792070533276,Organico,2,81.11982590848078,111.89940991330255,Primavera,Exportacion
7.205826037977582,33.30324984637208,30.5561320573303,82.76486610524907,54.120677512024095,570.3562862357599,20.816664109719177,Quimico,2,82.58212734617408,112.30605379326224,Primavera,Local
6.441190481903465,112.38948848165748,91.22071752603084,40.17641023208118,43.687163721662365,291.329670162628,40.75554480830132,Organico,3,51.93438494305522,157.1147288504224,Otoño,Exportacion
6.918707037298182,100.87873885071473,53.630199250423544,105.99941224508325,74.97933726747392,376.94097611754194,35.793460835359745,Ninguno,4,70.40809357971906,95.36462071593795,Otoño,Local
7.365123329853597,53.78931426662578,52.42229152739705,61.38583744939817,67.219354566232,853.4355087666265,32.320514503116485,Organico,3,91.21484195000572,113.05356694198431,Primavera,Desecho
7.466204269594514,87.16267559111009,47.80825054639216,91.03936126696871,24.757605969786216,628.208276291989,46.887204250237374,Ninguno,0,59.75565854024605,201.2207348902863,Primavera,Desecho
6.774150821551801,126.11389368577552,92.63060206253591,81.71414572632321,39.65641529924592,113.07731136345346,10.643363766855341,Quimico,4,81.40800208648727,133.00091868739955,Otoño,Exportacion
6.286255992657782,127.48025810841744,24.77025851926212,95.58970822242146,30.153031484815543,968.8251973109782,36.093323760669136,Organico,4,73.37684943710053,106.00522407119547,Verano,Desecho
7.439700686588291,101.61276711294201,63.10629135277196,104.72746257983752,62.19803614741181,699.5658368074851,10.279750722041737,Ninguno,0,72.78869826408764,110.82346986958791,Verano,Local
6.538363182910677,27.36747422606055,35.189252705352246,129.21148970565048,34.11193556562557,498.378487579682,11.136855918228534,Ninguno,1,69.1657709779308,185.8167693090844,Primavera,Local
7.841826894031732,32.80603285802671,91.94766886446708,10.72465422526087,54.81503031153794,741.1000788607838,27.78917114761666,Organico,4,57.159850616867224,128.1879394522668,Otoño,Exportacion
7.561430060647783,50.834248227185654,21.08735162848654,58.71987122559771,30.4549476712208,284.11212677306526,6.08496093214818,Quimico,3,53.672430893210276,143.78612145060973,Verano,Exportacion
7.367291820963661,103.90006346618178,69.2380283803995,42.34830019678587,22.01529584289537,334.4206153116006,27.544924341683128,Organico,4,63.36323912991811,135.26779210133458,Otoño,Desecho
6.1031103315590025,46.12054174385725,45.06705171228529,144.98486533656742,10.643236883053248,236.9136371442739,5.426548558096085,Quimico,0,58.50714335004376,104.89787568342217,Otoño,Local
6.406905014761643,75.02054773023127,67.81617224255187,168.14216380647386,79.62359110094339,457.3657205016587,32.10867687037393,Ninguno,0,74.91051651765129,102.97253205135935,Primavera,Local
7.622451828906152,125.57358962335276,19.972714129685805,147.89372692661772,25.365780329994408,914.2302562233177,19.040446735285784,Organico,3,90.7507169795324,162.17767592643867,Otoño,Local
5.557849416248914,134.84832499464343,42.39761315760533,195.18612436219016,68.25713183663802,449.7313508970845,8.746922428981174,Organico,0,84.92172223242527,113.13064171576718,Otoño,Desecho
7.4536718652546545,127.39635112807052,15.189939066389343,24.677030629961386,67.54585927037033,359.27712717479784,40.13787324208741,Ninguno,4,64.81897274979114,216.49565640667566,Otoño,Desecho
6.510378897489613,26.301415796379708,97.03381331777662,98.30330505852262,26.517371882339052,733.2074512719495,22.546630657820042,Quimico,2,81.48751203703313,104.3124974133139,Primavera,Local
7.498372691619707,137.50557612152238,25.329278396454345,180.88035152981047,39.094462984094065,882.6450379293323,24.980902782865062,Organico,3,78.31995610522983,113.66974006234204,Primavera,Exportacion
6.880979744110484,105.77942071221712,99.35648199216074,70.626789305714,68.52778784400732,319.80894332631874,21.851541475289874,Organico,0,72.10076447773635,163.5256683044486,Primavera,Desecho
6.8170167522307725,96.63012376854523,44.757324977381835,162.44025044439408,58.28655515074234,827.1295162933709,8.763365880103372,Organico,1,86.82349923327845,153.71167471997424,Primavera,Exportacion
7.253978371116351,44.65631433447545,11.797167053334068,116.7307273157375,35.89146653689936,374.32438296629,25.696276875701543,Quimico,1,51.64565557459727,188.50820392494137,Primavera,Desecho
7.515834592538082,139.95190168232114,6.6696423434775065,195.92576781479997,76.4397620950686,322.58457988158557,34.94471099633331,Ninguno,2,63.15520734242126,163.55076761983807,Otoño,Desecho
7.233636988725593,12.430549296984877,61.900855340970814,80.49417092708673,33.96391764078584,525.66111961791,45.65192988167109,Ninguno,4,77.85689145740365,184.0195005569358,Primavera,Local
6.626785764570553,21.506041884268754,63.39931734962782,89.26177903771556,24.84470507289074,160.057719269899,39.37113851198279,Ninguno,2,73.07614837217396,197.99939347013165,Verano,Local
6.302090191322122,31.514440781031983,54.85535059871209,41.12323486464802,20.270454040552185,876.0127363291061,8.567977465399453,Quimico,4,63.288856827188226,140.59918974066971,Verano,Desecho
7.614074697170035,107.18022059004323,11.307921644336448,40.331625056265594,59.092298079078326,886.9066278996174,12.461187994046647,Quimico,1,56.19215682348873,92.71766579141647,Primavera,Desecho
6.801944047826891,97.20001989008118,36.4929150240485,173.59043643919705,12.03034329031653,709.639054413143,7.017180645200213,Ninguno,0,54.89454970291713,193.68027211209974,Otoño,Local
7.45865187867463,142.25489167351142,39.11172660232468,87.38607389349772,69.20885436764259,372.5968435642365,10.372530814267162,Organico,2,68.50028350429395,178.0216275128858,Verano,Local
7.989293607808261,58.85744046027502,71.95758960895132,127.88845130348084,31.29547712845463,250.03790910307652,26.623738918106252,Quimico,0,77.00154430706279,165.5715407157127,Primavera,Exportacion
7.109718950672414,58.66634370622844,44.79119889397536,152.92792668749703,35.886489512073474,728.9243506368471,14.888301178142676,Ninguno,1,82.96084734385602,193.9158608628146,Primavera,Exportacion
6.195865486890723,103.73476115643936,59.43187546742792,93.26621485557038,66.12819332809403,192.77981688787634,34.15713829994644,Ninguno,4,59.45205340842235,147.58312733954324,Otoño,Exportacion
7.66389151731959,34.38200984317784,32.201382475136406,191.21895896094324,66.99240624841647,469.9974793207053,6.456484968971023,Organico,0,67.12788310499323,132.03019477854446,Otoño,Local
6.184182618944622,74.96596952425256,73.96826487072481,188.2529989566395,38.0006319409514,179.92807560955157,43.57608563262919,Organico,1,60.49050599321846,182.6807387756044,Primavera,Local
6.151002420896985,12.160654866557735,9.442761915382658,139.22247751457843,48.76772788237756,483.8110840622521,35.49381920167373,Quimico,3,74.32732069819335,157.90746260808072,Verano,Exportacion
5.684842554242901,92.88553101806721,98.90790440180692,199.08948452979027,57.544678075865896,221.04483240218372,48.60850229609496,Quimico,2,75.81484377889944,143.23661147008485,Otoño,Local
5.696406743124616,119.75865520379188,65.94179582482208,10.503214495638458,58.20245698694925,128.96577553711464,47.87736292214964,Ninguno,4,61.12686217781619,195.66007804837523,Primavera,Exportacion
7.655803419796161,38.5256061794577,19.14181173603007,11.758013660540966,47.383860598849395,504.76093660044506,36.18168025728096,Quimico,4,56.531142001779145,190.0878394397682,Primavera,Exportacion
6.076823787740245,53.003892691369586,73.16162762069655,22.831614924993815,69.08738666429727,610.9244974937956,12.111986494390663,Organico,3,87.55370664928333,133.1126436047026,Primavera,Exportacion
5.771720453809534,28.45750492299745,79.7229308456587,189.26876743274977,68.90083611849191,495.4070458794576,14.993714146567116,Quimico,2,70.38574761918026,106.16870226176906,Primavera,Desecho
6.381469984678378,96.19443155241188,79.91661943483854,124.91856336050566,69.41613164839944,258.53291372740813,17.49118926733403,Quimico,0,70.94878330689241,120.87529034495687,Primavera,Exportacion
7.2838602648955355,88.96287412828788,30.71955510605873,186.2672544918572,28.775272070205343,169.6882198952428,24.200335897328134,Quimico,1,58.05592216150524,132.32604068254463,Otoño,Desecho
6.349077639082336,125.69546455346098,96.0705828098977,34.14865274791723,27.9833867012925,213.73023950238618,30.689263143794804,Quimico,1,68.31535644570907,135.3196664380681,Verano,Exportacion
6.2732001678994305,145.84811883634296,6.685098674105731,16.07594684120607,19.787544379343274,754.4025555606111,35.71699973579092,Organico,0,62.96617296254626,158.15482697748067,Otoño,Desecho
6.7201643237470865,147.7101017237704,41.08474747167324,113.22362797121826,67.84795282548887,114.28853706636706,8.403675745049968,Quimico,0,64.05692320789049,241.42890707812268,Primavera,Exportacion
5.55300035905174,25.0034871996586,14.900726166385445,43.291682788556614,14.246221273723819,876.9847037793363,32.4746701970877,Organico,2,60.38302244211202,180.38519382054295,Otoño,Local
6.727683681776352,87.43911154306716,41.56164357631852,173.3684367894092,19.471382701773045,856.0802265366387,7.663406605001273,Quimico,3,81.40031924876264,186.64065935072205,Otoño,Desecho
7.975047555059084,120.5516620959543,10.436374727757146,89.8777841551177,74.83470555397413,892.4219744964613,42.21618163018234,Ninguno,1,62.888075587435445,149.11520848063503,Otoño,Exportacion
7.498371501008247,102.25763127375059,66.27307429876319,156.38678465149508,18.757936051024117,890.8708573994684,6.819124283935254,Quimico,3,78.54226624192795,156.8533464978319,Verano,Local
5.676229497904529,135.5781411554533,10.933809899365626,108.1233786310359,18.48978396017688,700.7638773528544,22.55213995840499,Organico,2,57.750259504180576,165.39637204527858,Primavera,Local
7.137056224647961,71.84068630500312,63.50544526950321,110.4473863839705,73.63765307512577,862.6878193942197,23.899184742972096,Organico,0,83.92964120710265,186.22615513930032,Primavera,Exportacion
6.652780532848192,69.79359024530132,27.238004595863597,139.55055156599582,31.70726473504311,757.2972274658996,30.66736445927739,Ninguno,1,71.52367903171691,179.1789824203689,Otoño,Local
7.565621417999781,13.655755907865013,22.019048181284717,73.7358467526995,71.69964924947644,370.1087811641836,9.295137476479985,Ninguno,3,76.59216763749318,171.15233460141684,Otoño,Local
5.746315539380623,12.190973835067599,37.96508207292039,190.28098724134088,36.43595910343544,779.6145183539219,46.98968507193647,Organico,4,53.07534927365799,130.74486407982315,Otoño,Local
6.081822027377871,106.97043602404356,65.89129774275952,86.07792020366581,36.15477315430513,654.0187756169407,22.24428829825159,Organico,1,76.30055900418826,98.90591957582478,Otoño,Exportacion
7.477852700741558,76.0052605151314,59.929046390701934,85.62805285105249,19.46277783448196,124.74094434702809,22.828921349012038,Quimico,4,91.82559771414921,185.84327316049382,Otoño,Desecho
7.622998345150036,102.43231048021133,69.64480158801439,144.41022578230786,74.30358952693582,807.7236103780164,15.938913630236,Organico,4,71.66143246594508,171.96078964231276,Primavera,Exportacion
6.823289416563375,43.35112632187447,92.30319308965234,130.88785298337888,63.31809004911395,883.7515618172231,40.13226479351389,Organico,4,95.51965955830542,131.06790026656728,Verano,Exportacion
5.549242567427804,130.8329169737223,24.313801958744595,199.1985064953556,25.795455697878083,565.7253217982276,5.349264536274684,Ninguno,4,51.939119244205635,217.18183208979906,Otoño,Desecho
7.734287558011371,136.40103144343965,44.26892571687482,171.5438538183918,60.94583956097392,538.3240656276923,9.779184819068552,Organico,1,60.27682445122693,124.67052032220462,Verano,Exportacion
6.456913065059939,102.72154052327127,30.252958558404945,64.07224935469061,17.258489269792324,484.54329633629175,26.184280603163803,Ninguno,4,74.19268077884198,148.94619397160957,Otoño,Desecho
5.599201335470234,48.892187380857614,60.70305948524454,29.294996426749254,46.66676056601384,746.9513218015042,48.57345235624004,Quimico,1,60.29590408638453,142.66918128506722,Otoño,Local
7.547030614624138,40.26183571755163,31.923075399796865,30.259164227792215,27.798698020940307,293.90829701586495,6.601448368830701,Ninguno,0,91.5519252463279,129.54814498993025,Verano,Local
6.545172805887885,97.56998128221078,58.01158670856501,78.70566723456943,69.54090986639079,796.540983853459,7.78963269654618,Quimico,3,59.313004093826436,134.59412160954673,Otoño,Exportacion
5.974975726072842,141.70891685571593,83.20056118149391,100.66533907166804,45.77904242970721,363.10893245749327,37.170168121688235,Ninguno,3,77.44547623152604,131.3608931347871,Verano,Exportacion
7.503945661048757,90.9357431636421,57.33981845598657,131.05357738695673,74.48480885435573,335.34749672022895,38.095052568688395,Ninguno,3,62.97084813127541,128.29668559277096,Primavera,Local
6.644289192155545,127.50267812848395,84.62226786090083,172.96794671889725,50.961520984340176,828.2614848794018,45.36215356315372,Quimico,0,50.36421403611457,166.71960862398691,Primavera,Desecho
7.019523908652118,89.15677679763805,63.07826931273299,198.01269160950986,45.27838400696717,256.9381249581292,30.94832684823159,Organico,3,68.52918671984057,175.6904797416502,Primavera,Local
7.557803559299366,104.44418112655876,87.67848430600708,87.65603971825222,58.575421791077375,876.2671817693931,23.1597573298415,Ninguno,0,66.48371668597984,131.01731156295713,Verano,Exportacion
6.806055222603739,89.48873034477928,93.3896234103416,113.66027098140782,64.87799116491735,980.0791506209162,25.29834695469036,Organico,2,73.98849112251857,134.97623781933518,Otoño,Local
5.776195080173562,90.5509249331233,53.24222261054292,124.14199086262992,11.068043805886328,387.88630768829864,24.41818245794056,Organico,1,78.40761941099444,161.37858375281874,Otoño,Local
7.909404563466362,113.4950129909663,80.11137024422631,116.12673105734905,46.55984922502181,935.086350639772,48.8091497298334,Organico,2,62.69264989231893,157.24901693092033,Primavera,Desecho
6.216351268608053,65.47421429207687,49.53746730555446,27.159486194274635,64.30021767878785,609.7732271277532,22.10394640732444,Quimico,0,78.58924125951422,153.94137787007944,Verano,Local
7.985623578886979,136.55967721031345,71.99340892829511,31.857726912736435,38.52465555930311,333.40481368707356,9.323028102137641,Ninguno,4,70.44149480617163,155.9851648803376,Primavera,Desecho
5.5150613451161155,130.88899878618486,8.563247286051702,178.86354193249443,13.15837795491854,507.37035805138834,18.033158944103576,Ninguno,0,61.50886998490792,168.25849611479964,Verano,Local
6.709470145637084,111.54399630186963,96.85668270068095,138.3609604972281,11.228754808026494,820.0490534702471,48.203978373284755,Organico,1,63.07098035255302,183.1016311500868,Otoño,Desecho
7.262337491984803,114.0796669301613,89.96167874197974,138.96461109191551,65.56954371793418,699.9734941832501,24.27109260152777,Ninguno,2,70.23085988417726,133.50852645196525,Otoño,Desecho
7.76575483504587,67.85371318019565,89.86229947119001,164.80853281658977,23.86529489082332,545.3041820762701,19.22332763330038,Organico,0,74.47238307214829,160.12926156477664,Otoño,Local
7.45084236345615,126.55370659417504,31.718872395858398,25.986906502687695,22.244174519495143,331.58490314929554,18.983931960341422,Quimico,1,68.79299475773732,135.3862258110484,Primavera,Local
6.139069546726802,140.56533470096497,31.900888189393985,88.94119030280405,30.269243409123327,753.2148996897384,5.407907162217429,Quimico,4,67.63743521923287,90.4331664798444,Otoño,Local
6.108261019824823,121.3208050708737,43.24707174445198,56.86814066726048,17.15177831149427,381.98607798605696,33.490301677842545,Ninguno,2,62.21733501058467,123.1152314340362,Verano,Desecho
6.391466664811572,28.62320658021404,88.61800656663796,135.55326006696433,13.730055027753629,397.85391087540415,37.59216347763536,Organico,2,70.61208109076834,203.66713558471037,Verano,Exportacion
5.776350501772897,120.12706904015023,86.57071798097276,50.83763001698616,71.05809818974495,772.1939897931272,20.882790536879625,Quimico,3,72.25837486473331,180.67527978323068,Primavera,Exportacion
7.173933113488012,75.04000913163178,32.49869728235096,141.50372642382294,31.19485367204142,602.5897439248583,44.27561004323612,Ninguno,2,89.33616795842354,89.70671614120589,Primavera,Desecho
7.853145856364576,95.21793138657269,56.468736046854865,83.70108850022976,50.76743943573531,267.25017404509504,38.43008373364144,Organico,3,60.33630021782936,129.22960026416152,Primavera,Desecho
7.105260952686742,148.76239414117137,50.14116393455724,93.4870522516163,70.04606214447264,718.400608032111,32.03913087427763,Organico,2,82.80622705795716,144.87025852425717,Verano,Desecho
6.833434072924549,60.30967332450359,66.81414258123658,165.42243139651487,78.42218191789398,332.2472186690268,36.67175327767723,Ninguno,2,77.3031054932685,151.0671296501215,Otoño,Local
6.758373040095366,58.79397391502357,25.320491419701394,76.1517346456701,58.194325344235764,784.4425116671397,39.62536630653555,Organico,0,68.63479533861987,133.14517965701458,Verano,Local
6.981532817949273,46.83861717583751,13.07981005299949,58.75384840005863,76.51148664692698,530.8452018076187,28.717244425174044,Ninguno,4,88.81391932260024,173.61912249133343,Primavera,Local
7.276532312157013,27.79723684025495,7.589236627743826,171.55030693930067,39.646521012253864,635.4867602680722,22.90104176486131,Ninguno,4,68.86658327134414,195.7437180561334,Verano,Exportacion
7.487498384558842,33.5443142918187,41.234644889578945,140.22582685680558,65.2680948327027,640.879029620002,10.657122416361808,Quimico,2,72.52279763445658,183.94837861084085,Otoño,Local
7.245802929012277,81.99765866450747,94.92812355360132,86.74016002691202,75.63219176291919,232.1294530031338,23.222511579036915,Quimico,2,66.221291470089,133.5882227108611,Otoño,Exportacion
7.262579681936852,137.37197576240817,70.05735948039305,104.72657494508218,13.72115702596152,685.4279072011376,29.754315303380103,Ninguno,3,76.61699238818383,108.83998334574372,Primavera,Local
7.8793345232542045,123.38589744871545,76.16736622173768,76.09303308325475,32.22139718539471,880.4145896943878,47.653884019584545,Organico,4,69.95927024288045,168.09093634242035,Verano,Exportacion
7.748358488295794,35.548890290879704,94.79054452317133,114.72970783884382,61.8177427793874,902.0818136784935,11.97027300738105,Quimico,0,60.938489650262746,105.37354532297938,Primavera,Desecho
7.559808296142017,88.63662039754648,45.09489588285707,36.352205098510886,32.06889331612652,719.6971781806337,39.06314523461638,Organico,4,73.95565357577794,172.02969001273664,Primavera,Desecho
5.608400602400458,128.56944981463818,50.06495303328554,178.80399889457553,11.19226603612212,972.0784850742215,15.831668560616116,Ninguno,1,85.85678395381446,192.7971520613848,Primavera,Desecho
7.172168367719018,85.52902436411846,39.15640443172513,115.26912542949138,66.49176682030853,638.4485489303322,48.065274710197905,Ninguno,4,63.913335510361804,165.5195414076896,Primavera,Exportacion
6.637451940952054,137.60049698673652,22.230402922787533,83.20109846791738,21.530601345479134,329.3858456182448,31.76634665355907,Organico,0,78.67598229281825,117.60243707039274,Verano,Exportacion
7.043998045667384,137.10389436175575,77.80742469069068,118.60280057694344,32.46081147733115,694.1555224707254,24.47523464850417,Quimico,4,63.95295714148823,120.58514192500425,Primavera,Local
7.21570543276456,58.75416413391646,91.1351503284466,40.62660385509764,73.74029064479426,918.2584693739152,20.607143336880213,Quimico,0,73.93473715024521,151.96797702109737,Otoño,Exportacion
7.286629690658834,132.3501402075404,82.31817890150978,24.909835359557743,24.620205864616196,422.96684562745907,14.08921424240753,Quimico,3,75.39505437577414,203.3025878336315,Primavera,Exportacion
7.673565724448864,91.91621253060431,9.533415310393645,114.1439659502747,72.63318306151356,338.36402537618915,37.15239539104287,Quimico,2,82.41245114472869,154.2415264422198,Otoño,Local
7.774977920588154,77.17848328928345,33.41875063942585,23.394375271723014,39.57827970622737,969.8538648654811,33.61856755079748,Organico,3,61.88358863764006,116.47285824950632,Verano,Exportacion
7.017071033111251,118.39713847165659,61.24813046410554,135.5651713400477,74.2692327627309,789.8943454131772,45.05698596211749,Quimico,2,67.87984142305919,146.6288430944331,Primavera,Exportacion
7.735410588465177,120.54634612305269,36.08258372370415,162.0458910647238,71.37964213378626,144.8004073395752,31.880225281740984,Organico,3,64.49678262140375,213.35629779519883,Verano,Desecho
7.411554300840853,104.55913063158737,19.261293735277942,197.78980406089428,39.0670743832013,605.0645731248914,12.6411727325947,Quimico,3,77.14381790459014,105.76582213921077,Otoño,Local
6.006813471388719,123.52512790581947,56.144494258479185,156.1563347153598,74.53106768018688,310.98783584213334,35.72751367370908,Quimico,2,76.43579468395566,190.63890081064346,Otoño,Desecho
5.58827974658472,143.19934772982998,54.5417563986945,195.08378906744863,54.29045851907827,358.13478017299565,44.54571255275338,Organico,0,71.92095694194025,140.00585338010134,Verano,Exportacion
5.524720796381608,132.23224351886893,72.43995842581033,14.214750232902698,43.29305972960844,178.82806797844262,49.570806614351085,Organico,1,69.2437383233912,164.52081404015829,Primavera,Local
6.966557993682202,20.395457924121676,99.98738404777312,116.18104816521584,47.148352735767325,307.8961025164414,35.82796897718925,Organico,2,78.84902655281991,177.96281673475252,Verano,Local
6.803983138966242,129.00405675321056,66.58265104448807,41.299977658893724,14.431037234084307,554.7042668904256,18.02911720013404,Ninguno,0,57.46162933002186,127.65765701845282,Primavera,Desecho
7.24092138126353,119.41387687049172,35.104127523446635,56.575709199772255,66.53136883028735,170.70708323079253,30.442181108105228,Organico,0,71.39168000426373,185.21854489374505,Otoño,Desecho
7.607070717373392,139.74379514845,95.85620993707157,149.56173073105705,30.472659169053127,900.7243702059168,28.174277337621966,Ninguno,0,80.26082598864755,164.77900215168413,Primavera,Desecho
5.911106243404621,113.53965395035938,59.2735452351938,58.036946127397485,28.911806794102507,797.8626823223696,28.03903804103183,Organico,4,56.39067344776767,191.3685653849463,Otoño,Local
7.641079423758834,132.89949241760223,66.3449307280255,44.16419904093352,60.07788716516254,443.24327787427944,8.537894672217691,Organico,2,65.87332627436254,162.12809475490698,Otoño,Local
5.745205113515132,11.430626649857835,38.96829283246544,80.6505887759338,35.95655395258606,217.20483453846066,13.754564103325077,Organico,2,65.49808807057931,207.59049969474734,Verano,Local
7.708108386261615,146.89274540654944,47.92445640198715,25.81840760747938,45.991427172099435,994.5757073822441,28.5852231324956,Ninguno,3,65.9933104617196,100.62086754675106,Primavera,Local
7.626216109588287,36.72688256846834,44.76993968459045,37.83385293878805,39.51017152719632,606.9760074388469,40.91818435660263,Ninguno,2,87.76481594946057,171.05522873875785,Verano,Exportacion
7.24238950746394,130.99213776001022,93.94049773061636,37.825595360821794,45.32447565987044,480.67773927829285,13.180388854855137,Ninguno,0,48.87671745080001,158.48249476255148,Verano,Desecho
6.2500730475423865,140.14548860323646,81.91106275212576,52.950741458545856,25.552098142150733,278.77529532724475,12.392666380365094,Organico,1,65.47890631723789,118.05416325242733,Primavera,Local
5.733533648720748,10.311280682410773,13.616886137180536,175.4332928135382,71.9455083000093,282.8949335448159,39.19348812103713,Organico,1,75.42312999019909,189.13161789927182,Otoño,Exportacion
7.445217664822034,137.91493269352833,34.81730510620005,66.09496964889195,52.7123647399283,816.5882425646449,36.07493078331747,Ninguno,3,78.07039911805533,117.04020855045599,Primavera,Desecho
6.044698534898963,126.08966360821898,10.29041132044906,62.034930773893244,26.359586373419447,567.8930561469574,26.82986715476136,Ninguno,2,80.61059105686111,171.5159108725117,Primavera,Local
6.602342707314485,139.1377703832449,54.09213851711733,33.93779562994499,16.40773698395209,985.6017647722914,7.266286512351611,Organico,1,55.69944710223119,138.29071903358584,Otoño,Exportacion
6.82714766678593,34.76352269931209,31.545307619365882,13.059984513659465,47.48276803845352,957.7879554876681,26.270672519263957,Quimico,2,81.9742021371592,218.6238808208202,Otoño,Local
7.213605794840552,118.8417306833283,11.973018426988732,40.47198020625845,42.768362737410555,286.14502232292665,42.56834082095622,Ninguno,3,81.06448667457649,169.04466994620546,Otoño,Exportacion
6.718595180633216,78.24801966563112,78.34086453535967,147.36453896350042,75.2742968496199,999.4378193430281,5.47796773360294,Organico,2,62.22282916120925,169.79833352130973,Primavera,Desecho
7.236333165377474,46.07646489996365,13.65718125565921,194.27079736070672,26.149018071978436,987.9353556802732,9.617289309227182,Quimico,3,60.89361643588922,199.80031479089018,Otoño,Exportacion
7.535095598786256,115.86399655466302,30.798565748651082,151.32465381758627,71.71236694502964,819.3515933033574,41.42012555379472,Quimico,4,57.94244041085452,150.91724305363064,Primavera,Desecho
7.282652219361816,76.25545169148982,78.30553671786444,172.11325859318572,63.65460245373996,451.81886816566725,28.63183680455639,Ninguno,1,47.66618729375109,165.85728730751438,Otoño,Exportacion
6.248756771145025,135.98385625475964,53.5993304021885,159.48167549328505,43.355319871318294,301.7303189584306,34.802013928140745,Organico,3,89.90633107244349,111.0317418184622,Otoño,Exportacion
7.735715375788623,109.50241046534877,82.6260072399503,66.24992892505063,71.16408011222683,192.8428365684768,38.527332486593025,Organico,3,70.57025385843168,151.70882056743918,Otoño,Local
6.876428597011017,29.480353614441658,44.37571957261968,148.93373400770773,70.3315311349218,146.77680702583604,18.509358419156616,Ninguno,3,52.11025610376949,152.9016087835648,Primavera,Exportacion
6.663437044418449,45.106885924717936,82.41191039238674,152.61153949654687,60.00951737370836,838.7221449938809,18.404392444913228,Ninguno,3,47.32585779640324,93.67151892226055,Verano,Local
6.937617514511317,47.03469424261405,56.12555126484597,59.12712231609618,17.108571454489272,951.0054574110763,16.87800837794381,Organico,3,60.02300529586141,164.11773137284297,Primavera,Desecho
6.708050000563441,58.167012635392354,13.355616462489786,184.92418854784145,21.213377679049152,795.3015874779524,12.5264629341794,Quimico,3,65.36812968778008,191.6267375599077,Primavera,Exportacion
7.387774916016964,103.30306009429219,49.79159711572921,199.60996317803304,51.41203630621255,783.1349570306861,18.71347136873453,Ninguno,2,77.06462725181342,176.5090899301001,Verano,Local
6.5516599403376174,135.20655892559625,57.586643851055676,116.64647839440761,27.179358525615136,473.6613639967425,47.87736510290107,Organico,0,80.26464281453221,188.94976418961102,Verano,Local
7.441807848234363,93.11803599317265,63.14965934637861,70.15307785219329,48.581710496485044,677.0628697133699,8.868932306882686,Quimico,3,72.74716015065839,171.00908485506466,Verano,Desecho
7.400388092034142,115.25223962850205,93.14891206249398,77.94601938157425,49.25492466633555,704.0940349817843,15.828625461785412,Quimico,0,70.59928931083522,151.91770407497307,Primavera,Exportacion
6.1921760425636645,54.342605528328484,22.4379392757845,120.66429184598063,51.09661765154148,331.5511145998984,19.31078397405131,Quimico,4,72.79373010742793,95.80310995236056,Otoño,Exportacion
5.7398533262746945,83.14507282501125,62.572659001070846,11.478142235585599,49.88891253030745,764.8115515084368,11.921718658678019,Quimico,4,82.34668184460352,123.94851557597943,Verano,Local
7.627395041737136,80.57768810555007,76.4421307628554,68.58393775627735,36.54810363059764,231.50526978163654,8.483070934490817,Quimico,1,70.72649396113175,153.09173589115622,Otoño,Local
5.922299485074492,108.14837544952074,89.54572393955374,19.3107811652712,24.71714480703961,364.1105678660529,12.283602607096908,Organico,3,74.82722465746522,133.62852058406804,Primavera,Exportacion
5.577956348938831,82.5142522066717,54.90407882734378,128.59416512002036,46.29799673178401,630.7375390863854,28.750957157667106,Organico,1,58.43264399429202,122.61599849621926,Verano,Desecho
6.505816238323754,56.79550828943623,25.325300516723175,124.77019077158597,44.661517420081616,585.6168310759988,31.853862228295807,Quimico,1,71.87698261931011,231.39809380014879,Otoño,Local
6.135373571935732,44.14703639932797,82.67980271370908,122.2991297512712,29.263555676464126,734.1233212849954,14.686503960663217,Organico,1,64.8879009544559,193.20310409474476,Otoño,Exportacion
6.050903030291944,45.658832842283914,90.97954857286038,38.6882278955149,13.582828881398955,624.6223776297171,27.671171211373995,Organico,1,73.75292989340349,215.62691269663432,Verano,Exportacion
5.9307839794202994,147.32381982533622,15.104969980527349,189.4662431375561,24.389851637803325,144.58910909392392,5.280331527186484,Organico,2,66.38358915076249,134.3034960535548,Primavera,Local
7.372991411902343,60.04670814790257,26.823099451695246,111.50347204012954,48.55470883101077,979.9326974120544,32.09083686531966,Ninguno,3,73.66132478528475,147.47754866675072,Verano,Exportacion
7.458556797636156,122.92457358193177,87.78900984403768,115.61377980565813,47.493345777035096,787.140061854776,5.058710621319589,Quimico,2,62.09636736355167,138.24972024871343,Otoño,Desecho
5.615973959158976,19.991296288996267,51.01947878220301,113.4092566468618,19.354761083500307,892.3880776744073,33.92494933523703,Quimico,1,59.81521442471451,92.78748041776308,Otoño,Local
6.867029384311596,22.55145207399869,21.06454059358242,109.63848704022661,52.42365351724497,823.5353431652105,26.74945570793874,Organico,3,61.6952212658086,162.83185484364455,Otoño,Desecho
5.837863614830961,106.06116134439576,66.30298669627673,188.30130735054317,39.58546710682909,291.154324698958,9.917332447060708,Organico,4,62.24797052743792,136.11306181710225,Primavera,Desecho
6.7488853182507045,74.00927653435124,48.53744787096269,124.3845989926545,55.756922216893955,939.4378796378438,8.978209599516354,Organico,2,72.96004266955403,134.72951838030392,Otoño,Desecho
6.369824521749724,133.26906190085361,96.95614247154644,102.1737908378498,72.16036249496932,985.6753278727737,5.31005196008729,Ninguno,4,77.58890753225783,126.82024778600584,Verano,Desecho
6.004540484359797,130.71083839952672,26.157844978922277,155.62458363454496,31.598324237975326,170.80498944741072,29.824018313339494,Ninguno,3,71.33397500580021,148.1925654583615,Primavera,Desecho
7.870149255774868,115.79201370463704,39.405377511577115,57.77787479610994,34.31151813454834,242.59168823991556,41.29472201222003,Quimico,1,71.13992165112786,173.33052915919518,Otoño,Local
7.891865441959496,124.14427097992818,20.78436475452063,46.48190530834917,57.37700178099938,991.2644911863351,43.54446869311032,Quimico,3,71.14087285023923,121.78100842009718,Primavera,Exportacion
6.909926302702896,131.87057107766435,9.72459141231602,93.45040232305311,76.44088619217133,364.11815633357304,30.615678710496397,Ninguno,1,80.82485467520637,139.69994989662916,Primavera,Local
5.970125160665727,119.70057692290273,31.020816024790278,12.980272727034215,44.02859695652368,837.8224048726581,44.92255158370467,Ninguno,4,59.40135540287798,142.32978711138222,Verano,Exportacion
6.958164860668774,83.76491499101529,82.8836543384251,65.76823118869547,21.850054688293362,166.72876295642016,43.78907818429416,Ninguno,3,72.39224381530035,145.97662724652923,Verano,Exportacion
7.821248166812754,47.064515179620805,30.38713200883324,89.81413825431639,75.45035682165539,759.1968337636196,36.420018128846934,Quimico,3,71.66935595887801,125.00500930299079,Verano,Exportacion
6.444401950167423,120.23352776277838,71.15259088618744,119.9527585918193,42.88440896169105,731.2554989416244,21.338738645298964,Quimico,3,78.79995845744081,166.22859587388356,Primavera,Desecho
5.844341993393645,54.47915794159412,54.97222799218165,113.2086532734185,42.248961529442845,943.8801131460907,42.22365369336549,Quimico,2,62.04317374187101,150.38677410005494,Otoño,Desecho
7.234225461343368,44.2745192367299,54.37245163126005,79.80635650606301,47.78659019405967,755.8450630714225,22.625442242949497,Organico,0,85.82738444209217,141.81961827980246,Primavera,Exportacion
7.140672343532733,34.033466578219496,79.24660945871533,75.21998508542542,27.675308417366477,137.25965839730927,23.146900002423155,Quimico,2,68.9186959976977,162.1962720861228,Verano,Exportacion
5.5034706037743195,97.80639381599332,63.68794712845124,10.2505683949376,64.92853933948584,505.40750328436803,35.51337826005641,Organico,4,57.82384446172898,146.2942954751868,Primavera,Exportacion
7.634013969965933,43.94705668250937,20.186294240375346,177.4114218567715,54.87305285780166,413.10155294944065,46.75634082486674,Quimico,1,64.82790080873548,125.2069835615392,Otoño,Exportacion
7.151867745939725,62.47586917244376,25.97260499100673,53.94200298588665,76.84091846906482,613.6536893045146,27.500890079577676,Quimico,4,77.06509363787085,158.377829044352,Primavera,Desecho
5.989246484520561,109.26881990513284,56.65954433457252,78.02060013730359,24.272168165598337,485.49029591301485,12.974520382518103,Quimico,3,68.02042189036347,153.84687612929142,Primavera,Local
5.508096897132001,121.13609616807378,85.30489176919835,13.848446294734227,53.339413079813355,352.7588355577065,11.410394120957687,Organico,0,62.85582939916434,91.78173890086137,Otoño,Local
7.930750345748723,54.067053009623336,19.470329939413567,191.80019802326433,46.1643863685563,694.9403854170317,18.60073067454783,Ninguno,3,83.71421293559048,179.8239028062482,Otoño,Desecho
7.3866993401516945,127.9920126629127,15.155055741685715,103.96878329805514,72.63276896599086,380.022344759976,25.59445557807798,Organico,2,75.6001425846387,112.62874376792777,Primavera,Local
6.41262800317978,18.113943089350993,54.16615902700591,14.421771072117691,12.125679965005794,865.5915945564361,18.394805535181696,Quimico,1,67.67388009947948,150.0713435800555,Primavera,Desecho
6.581971081380782,148.02219143170888,22.921838582094853,57.72686618157641,63.25605764866413,390.6944088061459,37.03630267204877,Ninguno,4,72.40815006022062,138.1441867370245,Otoño,Desecho
6.847151279469707,68.36270509555796,99.45238782413199,177.059887274284,53.61418001847293,563.8008379338171,29.419343339473365,Organico,2,78.99622501321124,155.16083455209525,Primavera,Exportacion
7.296569758549882,55.48393031643029,5.414037663801026,81.3833067898178,52.528438085338664,843.4195401679731,23.30291637257982,Ninguno,0,81.79347918892547,134.66074830194353,Verano,Exportacion
5.932327416115838,139.31460445724983,47.642006881332215,140.98697323714507,71.27250045812673,840.6002826064005,14.603223262035241,Organico,2,64.25473813600335,158.66824091110675,Verano,Exportacion
5.989322625242943,28.534463576662727,20.441438200440324,126.63163397239184,51.285867382743554,627.482941410917,32.24366993482644,Ninguno,2,77.50661104659098,189.21949674052019,Verano,Desecho
5.620674197242723,60.0918197358768,69.70249143919972,99.66828929983528,60.11459293115618,441.92874590594613,35.33450816710102,Quimico,0,89.0053679510522,135.01707972962703,Verano,Local
7.964485594957771,60.2461565198087,64.86277915630815,168.31157152781273,55.199515637236196,602.1455378013916,40.2876805512997,Organico,4,63.82691109526601,138.29039833177526,Verano,Desecho
7.688927468844869,69.41063778534169,81.67144463518689,17.66731655454602,14.865329321867762,864.7151953889852,49.58808948039626,Organico,1,74.02867722126658,128.98779072357954,Otoño,Local
6.882395033992263,128.76747079877697,58.5232849076609,183.3604867902003,17.898102296028874,296.90309660275807,15.409784908343552,Organico,2,74.73760456434118,159.49786554314966,Primavera,Desecho
6.575684114132153,128.91340776831453,22.99001331552541,146.43052745820847,33.69480082109501,210.2365972552592,5.680034491577272,Ninguno,3,68.45666535254682,142.17943487300857,Verano,Exportacion
6.093599881571622,92.82922154377927,10.064899317442203,174.10561566074858,57.29911634084386,623.8290005958211,27.519998772740628,Quimico,4,61.19356194983203,153.566689505875,Primavera,Desecho
6.987456994208585,148.84622669005284,73.6039435348859,13.217165122356658,11.851450259212179,616.6386746979487,46.58021980922199,Quimico,4,61.17266996639956,114.90808156523043,Otoño,Desecho
7.226275896023693,128.18250897790335,46.79257697252885,26.11097272209809,64.08168125074812,363.8334060027842,16.194258296204296,Quimico,0,67.93574069795297,151.7319258086347,Otoño,Desecho
7.222956933404204,105.34969639536524,26.110219176615868,49.116979309750995,24.210684673700484,491.0147271536616,39.014382441623276,Organico,4,61.81449795665733,96.3829060069464,Verano,Local
5.5160903448456615,37.92417914995126,28.92307096898284,122.77655159299506,49.166373088579725,179.67562421002447,19.377997041841077,Organico,3,55.937702912423326,165.26504090738223,Primavera,Local
7.25509729968576,86.96230344181429,19.157542426758056,27.559970135512803,24.080981247328097,217.68424328472375,22.60400343569194,Ninguno,4,57.619372006823866,130.28662680027418,Otoño,Exportacion
7.665932128106935,39.94694359916468,31.94013176712702,186.99393043977295,22.317757875634793,845.4986646748405,47.647641300168765,Organico,1,64.77598017537355,137.99051381261037,Otoño,Desecho
5.787291712240588,52.23187261854432,80.24203232004021,152.23287925542058,33.393390967344814,518.0258503163504,25.745803539550952,Quimico,0,68.19807970290609,153.76433118639423,Otoño,Exportacion
7.388442530736894,106.02093306973559,63.962706173581196,163.44328704820774,74.50560946649647,189.831748703348,37.639498188358864,Organico,3,64.14128688438717,118.25882552396554,Verano,Desecho
7.558096481412816,35.81875993187293,98.80283941836407,120.93150162238798,26.649148694259896,965.6816161443148,29.743451389340937,Quimico,1,60.985497660069285,119.1582460176327,Verano,Exportacion
6.19042346257719,22.717737647501455,54.80671733777998,129.88013319336238,13.396604632521141,288.94730025751926,39.375741544852794,Quimico,0,79.91297326462404,221.85966578534368,Otoño,Exportacion
7.2802654796920905,84.41638294939442,54.541516412470486,52.000989747214035,71.75710269286137,385.21779927183434,19.281448493291464,Ninguno,0,59.033656670691684,149.50398709158918,Primavera,Local
5.741887182575223,10.13320427679561,23.18167582638327,182.9078472920505,40.725150552243434,975.2815257207569,44.46026550969946,Quimico,1,70.20976356488465,177.85941397284802,Verano,Local
7.123030329697324,95.2481487523574,60.713275210662054,133.29438519596334,53.47394261313805,262.7972664264273,29.701507805461016,Quimico,4,81.91022893426106,130.28927774989984,Verano,Desecho
6.7758233774433005,136.18782136827178,62.79492799625253,89.37063459784285,72.00448398230814,971.852899046303,18.91224043403163,Ninguno,3,71.3632836846508,144.6696989037463,Otoño,Local
7.624630368151712,36.633976440866334,24.620451084161658,177.51767543456995,62.89547082192524,750.0158450446135,6.7189411440567515,Quimico,3,92.5061855736684,128.00842259023995,Otoño,Desecho
6.62991902643971,63.587677942145056,13.356777051496147,174.12615685814552,65.7553519661675,484.2305570418197,5.59437278212299,Ninguno,2,74.94187429798427,191.49352650029832,Verano,Desecho
6.570239571281706,138.2913093147232,40.03327279259807,10.102450694747885,43.60654393336225,635.4362875184463,20.90148963146173,Organico,2,67.58715594564048,157.7272498028922,Otoño,Local
7.834462109685379,108.5419652306003,21.34982847958861,185.71913167948642,58.11394057911064,557.1028818897328,14.706519625301373,Organico,0,65.24867322589493,139.10704594606952,Primavera,Desecho
7.835666878051574,28.943920473054504,52.8044356209347,79.05116688042017,77.46366121187926,824.2640075070676,7.3705542602627805,Organico,2,76.97432882935661,165.84624446903553,Primavera,Desecho
5.589279078350264,63.47923314530269,54.98043350865244,90.20790855903968,72.28523464409913,156.55856025207873,29.878082242404,Quimico,3,76.06179084495562,129.95288797195312,Otoño,Desecho
6.713912631470153,115.83932538277992,62.77480737977702,26.209557578290468,52.86992215411195,832.0527764326298,49.49550663181574,Organico,3,75.061144992894,110.59594860726665,Verano,Local
5.902394003833432,103.06889285916768,62.26894471298705,176.73965673711064,15.976080121262655,973.558964366061,24.004701779239934,Organico,2,63.28597375852501,184.2572894107295,Primavera,Local
6.184265544123955,31.792209030156627,69.11342234373565,112.44888503142056,78.57910198330322,486.6156422263748,29.845081761859543,Organico,2,67.07436653212854,142.8767891563599,Verano,Local
7.165350856161423,18.747491693979498,26.893214296546375,182.08380073497062,25.78408468618779,272.26212116684735,14.89118387063191,Ninguno,0,56.037405947708464,161.2058106723415,Primavera,Local
5.823219695649706,105.43307385612673,74.43008800749699,158.35497932984964,35.25303921788611,197.92827451415178,14.22124754836357,Quimico,3,69.0227291091079,141.79667457393415,Verano,Local
5.528176233557022,95.26318946819221,54.85821711607679,180.61645171255304,19.82468760038511,412.0800077449077,19.776805492452908,Quimico,4,73.53547779598887,162.00114679786873,Primavera,Local
7.317809106501681,18.30797858684962,46.544066272902626,190.1691408275816,21.662933299645367,217.58888741408168,42.577322005648405,Ninguno,3,63.28586883530963,91.63287972823537,Otoño,Exportacion
7.103360715495638,146.47366481617118,66.55006510601268,178.3218289476279,65.70447617327115,306.74045508899377,48.22593533949113,Quimico,0,66.18526658794957,126.14379059384743,Verano,Desecho
7.756660710965665,45.34139994192544,52.619765541203,49.86870314048785,18.978740288216798,688.9924999941564,38.28763528188237,Quimico,1,66.94475710972777,95.41436616838503,Otoño,Local
6.85577530279432,64.04329681003858,54.93846288046512,23.321381306451215,23.25627980072897,474.2003722352653,5.925032785773586,Organico,2,73.37748300498822,199.96371877267617,Verano,Desecho
7.86332672883917,34.8636484938058,7.208541734209609,127.84810267698404,22.00437510873436,910.9183563239968,24.72859657247894,Organico,1,58.31369926900842,154.4871617360103,Primavera,Exportacion
7.0232834031636555,125.99310382894596,81.19349898064748,39.46068410002334,35.913061348283634,517.5127483773672,23.93160671833031,Quimico,2,64.27757482146673,140.11881752893626,Verano,Exportacion
6.46787591348807,144.75954918414982,45.29670707015609,173.99025801396215,58.62803179480795,238.69009675160953,47.084013367788216,Ninguno,2,57.07043866010574,124.64102034339348,Verano,Exportacion
7.021159263233507,39.862794270821894,54.21726667760073,190.01669659174507,55.06858765790855,224.77734474100055,38.55057174786461,Ninguno,4,67.04702302387882,183.85674126108833,Verano,Local
7.372950675290723,49.64367176883115,42.04150023457227,33.04259919883795,60.7286865887117,723.8066479212745,37.14758279934841,Organico,4,73.18430486966646,203.2393424028725,Verano,Local
6.368852881666761,108.9122379678074,57.39539507820622,54.80947246529385,60.876831430440234,670.5154762112963,30.41492417862261,Organico,2,75.12607230465207,159.8701447698489,Verano,Exportacion
6.431312342740109,83.90448709727094,10.134026688700748,128.79277058176461,10.210049402894445,737.0836761050564,34.06256840865979,Quimico,3,76.07303334324679,157.12418437938172,Primavera,Desecho
7.074843237125741,24.709448270605073,41.4713608329749,147.7990040466457,57.91778676619086,404.881711651593,36.437393064695684,Ninguno,0,65.2908616093077,158.19980627461734,Otoño,Local
6.638979890317579,140.00670156800322,68.52439025197252,107.33930588800769,57.920082315839146,923.5279377605319,29.86501060607102,Ninguno,0,80.19431796141609,134.43465891118345,Verano,Exportacion
6.817433015368724,95.56115525751028,94.1523798626601,80.11616994571038,14.347822543856926,202.3857678805951,43.017279492780894,Organico,2,88.52281411074524,145.2909036982031,Primavera,Desecho
7.955204081204544,52.176051385147865,85.67212300978707,68.14473750769477,39.89848516258928,129.5636870545056,6.660258622444434,Ninguno,0,67.52697958058361,95.35389947186604,Verano,Local
5.609437330862091,78.57243806251792,96.46771290630936,136.5339417127331,15.505301744718215,767.9318957669029,47.36215077770922,Ninguno,0,70.91430504569176,119.35992613674028,Otoño,Exportacion
7.119750932547201,80.03455922404133,79.24389184663566,151.46668278819828,23.358100419567396,709.3673444672753,39.811446343755414,Organico,3,67.41739935047407,161.20524316806504,Primavera,Exportacion
7.8072136633966,83.55848678030854,65.09864091826105,64.87886098780014,44.282561060298676,544.2044671696387,28.803282337347966,Ninguno,3,66.36453210879507,142.59474263538738,Verano,Desecho
6.090528516304726,79.6227977275995,45.210882028204125,71.93920232823456,10.840844508576806,139.32372672504914,43.714762199581564,Organico,2,63.482945413255656,185.95598422125417,Verano,Exportacion
6.030068985785086,88.65105542698974,16.698527389133073,97.41279785265758,16.649996860989216,202.7803856538909,42.25912516253761,Ninguno,0,75.01025473443622,114.07196499130015,Otoño,Exportacion
6.407495152325768,65.06937807826755,28.826203017916065,95.54122675957456,15.944484889402556,275.7684971658313,23.87256136697038,Organico,2,81.46441494151044,182.3264590873681,Verano,Desecho
5.685196330630541,30.462777324715105,30.76162940866853,170.1043837839752,18.71808726449525,674.8508935556811,42.79172794677258,Quimico,3,56.90536985853459,132.3214491278909,Primavera,Exportacion
6.900711982954945,103.04163528859486,45.64888680344268,93.01281278092243,13.484770788343745,696.742633245023,13.475212787822768,Ninguno,0,75.84308187574688,131.4580353090481,Primavera,Local
7.113647195682418,120.94810961530948,62.93489226045997,195.8977755638665,52.84539179010424,709.2229058884776,26.114076507058947,Ninguno,3,61.63408050883439,131.4631905703144,Otoño,Exportacion
7.549717023769455,127.74254844132699,63.7728753842186,69.08304053404592,22.501769429479204,822.7440912915448,15.452524711995192,Quimico,1,73.81334301160614,127.69889446842181,Primavera,Desecho
5.6654402457872886,13.073294806802483,48.27655055676263,141.63595326697225,70.38221135004692,122.31643971907216,10.597919497659493,Ninguno,0,73.41344894478374,168.76894781906142,Otoño,Local
6.590462448186232,66.64754623098831,31.091157105565667,154.1978885248123,71.93601839043035,678.9357706889125,45.25713329850056,Organico,1,74.83978325559144,133.32024943849632,Primavera,Local
7.46051709117558,146.98135387085884,10.366969126284374,129.77675383695362,58.37236519797987,326.4067611428363,21.51260443428019,Ninguno,1,72.91710989510565,94.2724867067969,Verano,Desecho
7.420754659478259,18.758833838600573,98.93945660163091,79.73907451998429,14.546921327537365,613.9338549985749,35.79725623421871,Quimico,3,66.94732873038436,159.1174231499779,Verano,Local
5.684101398182339,119.97757320054242,94.2581903215915,58.908898177249135,72.41226172974574,764.0881288123016,21.879441766988776,Organico,3,68.30506021785197,160.47235271463092,Verano,Local
5.5284889741074,27.655813127058778,22.377966129825488,124.81361088266686,39.30789804034314,748.0423217651202,29.485523990554572,Organico,4,83.58852990930917,146.45558273929484,Primavera,Desecho
7.4583193596530535,125.44948249686813,62.51260726933261,135.13992545585705,22.678015592341037,359.1108626272472,20.661886235626255,Ninguno,0,71.11904190589968,151.44446315295895,Primavera,Desecho
5.844944088386333,104.11098185809409,33.08716233741576,58.94821540928617,64.51450932067243,419.77713107376286,38.422700799504774,Quimico,4,76.08961597808448,148.81930575394466,Primavera,Local
6.944473911310752,111.50463236051182,23.4706945099078,73.932929905267,34.26853167649048,925.5729752968966,40.39086026517079,Ninguno,2,67.19159479434839,170.8050145401514,Otoño,Desecho
5.735615424725641,146.82496095152806,70.01907591126715,173.79196745950586,45.425087339742234,863.9984060973367,24.37396796363146,Ninguno,2,69.67044463680203,193.4253133896529,Verano,Exportacion
6.238777835261198,141.52772963496471,79.6883116363362,163.99738218591267,62.01284357187642,331.3059712290777,43.68259514518347,Ninguno,3,80.44667573784247,114.88816496310778,Otoño,Local
5.895093205080993,52.61200753770444,43.62633009054723,44.918351710704236,17.078423556265992,628.3339375071286,20.98866592755425,Quimico,2,60.72009982702369,206.54179247816302,Otoño,Exportacion
7.340985921640532,62.530312711047515,10.611050189469687,187.33760853594487,21.868762498860406,196.54884332083438,39.31073684242434,Organico,1,70.14411884431678,191.67767248620308,Primavera,Local
7.181811044078948,67.00544012653694,43.142103088489094,129.32624084106567,77.79918782883973,688.4811429040948,34.25286956202583,Quimico,2,68.32611316667644,141.39236270467035,Primavera,Exportacion
5.838263701484154,35.280484118546894,55.55842683239194,104.38340852836404,59.94812276412349,659.2152366279399,25.519146589447995,Quimico,4,82.04440814117639,158.97812705062162,Primavera,Local
5.648325865342942,63.35888354971077,89.85556943899903,48.164263940590025,26.178796801343758,337.5256271112941,45.001308761916135,Organico,0,86.56934174031022,189.22229408449786,Verano,Local
6.665838127430481,147.06348147144712,67.39625179581175,148.73708288085408,50.16504127700661,479.65578238886496,30.751402260742275,Ninguno,3,77.23371858816711,170.1758894164425,Otoño,Exportacion
5.988869872902314,78.53882501404982,72.49716152184327,184.95107252141855,23.15913758354142,804.0758935050774,42.808215317970465,Ninguno,0,84.33598104918183,167.47789584153415,Primavera,Exportacion
5.520355092257567,143.36412443497912,24.249972016791332,22.340194729976485,70.58239177641721,329.8942313361607,38.00003501360301,Quimico,3,60.00120139522556,183.24087388285534,Verano,Local
6.160681853070504,20.00411565500856,73.42580431418206,108.94148646933073,41.403062395244945,791.5298097271142,28.965839521055557,Quimico,2,42.86829207343281,104.75977032499168,Otoño,Exportacion
6.038109192468142,15.499973546254939,52.673361414317036,176.65508958090066,66.48095973781422,384.7471223185911,19.688914250276486,Organico,2,74.21352611337653,123.12019387367938,Verano,Exportacion
7.212398121799595,90.54621870761231,82.9390975098519,190.97935081800725,78.03411698585099,855.608569976259,47.80115158320374,Quimico,3,77.94746076571882,145.7057185645396,Verano,Local
7.652157696717602,113.075530780449,25.55509852023164,23.706553911297355,78.66124358980076,127.45347047322247,7.553566495811314,Ninguno,0,66.37073393644279,181.43814465060697,Verano,Exportacion
6.094097289969354,40.44426167927806,53.91192796660406,160.30041767940634,19.633138087544012,332.33321589973104,45.2518813444264,Organico,1,64.195313413799,203.3524172807019,Otoño,Local
6.057619404024577,80.47018840068746,24.900324507246026,63.46718554949034,76.13641782014845,259.86152838101873,27.787682993963926,Ninguno,3,73.34583184173468,170.44813795479106,Verano,Local
6.46941584730612,132.2116700207253,32.16206271557415,112.88582718317622,28.92025322557687,901.5121171912807,38.69334874897893,Ninguno,1,83.92469183499857,134.64524721543157,Otoño,Local
5.9313940849227045,116.64142290729207,84.05938801804564,158.90917199239246,35.17356065524517,485.6678011209034,20.035919409802442,Organico,4,73.23348302784778,148.02721376120007,Verano,Exportacion
7.867037600203121,42.45394851059316,70.34046021353082,113.57555930860093,14.409478821707834,591.0406600268745,22.28943758676182,Organico,3,79.41275813693737,128.28069891302147,Primavera,Local
6.108816348942404,56.8259981414723,74.20636396775623,30.911383351810265,55.19182027577652,317.8691178858136,13.583792542840873,Ninguno,3,78.81733022039056,133.193217270017,Verano,Local
5.733322783868138,52.81077753328057,11.511047106727583,122.20162367971562,55.08820731596661,215.51990030414683,47.94533436681756,Organico,1,75.37786649462203,128.1114602484679,Primavera,Exportacion
6.892221990892286,110.73096618725089,74.23187308432172,32.38407285034509,64.39272767955629,638.4181034282178,6.948457224820082,Organico,1,81.8946429073624,166.6214184301701,Primavera,Local
6.844048865633709,145.54536068104608,51.683674083746865,76.01431676288793,76.23820681705706,354.9694114398425,22.40735463147387,Quimico,2,63.895934339262595,162.79652170743478,Primavera,Exportacion
7.079785430870453,49.21098208715054,48.618660315243886,116.06388735086952,39.97166246180575,935.9709048601986,20.061539827987573,Quimico,0,64.11660634366318,181.8572033370735,Primavera,Desecho
7.9167564134300665,92.36207273672684,44.19955819573409,198.36884561453644,38.52039212161694,528.7148412316325,41.588463790960894,Ninguno,2,64.36096177633065,157.041460160022,Otoño,Desecho
6.308717961341186,148.3981905226184,85.92051351690394,148.1167599566846,54.73804548309143,224.34376842383523,27.571527677709792,Ninguno,2,72.7027330900688,138.35991924222438,Primavera,Exportacion
6.398928441453651,32.061122087001046,21.859074207734025,67.62751181975162,56.71872380976697,121.41194106647053,12.609686627813918,Organico,1,83.18935486318847,164.91675798091754,Primavera,Local
6.342601113528399,102.27152411657691,82.3408962941023,176.5449476669181,41.16696429634941,309.0520658343653,27.905574470492912,Organico,3,76.89956044887225,186.31277077731363,Otoño,Desecho
7.071574151616028,56.47833360042091,93.19076572305042,52.96794219320612,74.35298230876842,387.9307868694398,15.620740968448933,Quimico,3,44.66806233305616,168.92005444380024,Primavera,Desecho
7.010172597365217,148.83359809990378,20.98268821674854,82.9584444708293,13.652124112068044,286.27078612826466,5.770090616177525,Organico,1,100.25695725708253,190.43202465531328,Primavera,Exportacion
6.822017656813758,25.22798970214901,99.96161987175957,132.93404996987334,62.94811455519474,429.0412955451651,29.504526604458253,Ninguno,3,74.85792560802517,158.07299160483424,Otoño,Exportacion
6.410814898633162,73.17592638596321,99.10075300270927,88.0066714687478,24.55600745612879,891.0680640951308,21.21834745123958,Quimico,0,82.76411812221879,107.25938116042033,Primavera,Desecho
6.56912413214263,45.69627081251579,64.0252982670824,148.61962724434147,44.673057775312486,143.15726695259008,15.749996992218353,Ninguno,4,75.01354188538293,175.5463692836729,Otoño,Desecho
7.481268003564111,14.435527815127854,30.51081573027283,133.61537419602467,69.60450479332462,821.1057224607159,12.750712580402556,Ninguno,3,57.12283910812273,174.245759239379,Otoño,Local
7.0231168141427505,144.90360401890837,45.814383022113724,136.78405244982855,33.07240709185712,483.21234941276873,25.416208945658187,Ninguno,3,76.0507237945,201.135550193612,Verano,Local
7.2907696344573285,89.54406239610505,21.186408297762856,89.85011188600095,72.97793015112879,915.7756087947179,44.13293715277726,Ninguno,2,58.8231967823127,126.64348752531475,Otoño,Exportacion
6.191824307127858,108.11020188739045,16.41920823252682,20.474686183544634,41.547835587275145,700.3451584259939,39.11581791054757,Ninguno,1,74.14098629117134,157.2116504690793,Otoño,Desecho
7.778730233336322,96.83849221563224,71.88281532495294,175.8143812243667,59.19268570268386,248.42506139919507,5.208347663718388,Quimico,3,75.58776756875804,155.76972905216394,Primavera,Local
5.587906804857516,30.786304923707057,60.08537241361033,24.064332454770422,60.5876670184199,963.5496653150758,37.90175671168023,Ninguno,1,80.69285703570635,143.13719416244427,Otoño,Local
6.9892422120682935,33.878456537939904,58.539520638901195,98.1665596225873,28.256945750432642,239.2431929327882,8.272493576027816,Ninguno,2,66.79217677982663,107.34806623670768,Verano,Exportacion
7.530875129826734,97.7023732627178,28.537283227349103,67.36865213942588,73.04603116761513,402.66394698056274,29.660061834881613,Ninguno,0,46.62557976861603,139.70425197984017,Primavera,Desecho
7.665713700823062,119.17333226866882,27.316093256605765,66.30288055976249,18.72278119060258,980.924598893473,40.10208781128433,Ninguno,4,68.41572946267269,142.66188347321304,Otoño,Desecho
6.298879327918145,95.54982828429877,99.02475336070731,53.05861509651767,51.304978480660644,290.6613357218045,25.39811932066588,Organico,0,77.26556033150226,137.39333596234744,Otoño,Exportacion
6.649377157076162,89.85234230116822,64.73351208765212,61.614021032013646,75.0305880081921,668.0651855295663,21.951297046718143,Quimico,4,71.16669246177416,162.21408902375396,Otoño,Local
5.5872229001048295,114.43472457704755,82.84827847965582,191.51484547524979,12.169532561883042,979.758890560287,47.276288865036626,Quimico,0,70.31826097272034,197.4672113641655,Verano,Exportacion
7.474413534582611,44.105169991688236,40.958632565798005,194.69004531367187,47.18757457053729,720.0275463825702,6.3169762067532425,Organico,4,66.92044789421358,172.453225438204,Primavera,Exportacion
5.811429969654353,112.4304609014423,85.14970391634095,118.4756660654997,27.25065085585609,696.4860789519819,9.768861921132778,Ninguno,0,78.55042421525974,125.27508514986826,Primavera,Desecho
6.570203564298602,67.57086229843833,73.62617089909108,109.68477456080157,23.47197257980755,659.3911721783127,44.16477308866627,Quimico,1,85.6554434741229,180.6676860982007,Primavera,Desecho
7.977022524987685,104.36701300190948,38.26181985266244,19.18936656728073,26.3636537841038,599.9107140933945,44.88068789107197,Ninguno,4,69.10175550754822,184.05089278009373,Otoño,Exportacion
7.7943430991661895,48.460331430664375,73.1809725808572,162.70972919983888,73.18809930883607,954.2387126236963,21.7729500237434,Organico,1,78.6525422159343,167.83974218635953,Verano,Local
6.32505891240749,29.24509317545363,92.934159122697,42.40483879409376,39.78611072519148,589.3811139660179,29.308864237871088,Quimico,2,80.28993208235607,199.14881727010663,Otoño,Local
6.059701503164848,14.082262287950616,25.30449139569228,37.09084799809383,26.51269667223968,696.9660622831583,12.397817480689518,Quimico,3,62.79852950340332,145.19494053162177,Otoño,Local
6.129231191636416,122.48638918650677,57.025098099955144,90.57347597826102,74.92902324574317,764.9540563841434,44.792574816843,Ninguno,2,61.962882007818436,215.63543490071038,Primavera,Exportacion
7.211964142685975,37.57569055397291,96.83178678070719,76.03275304940026,32.513213188093914,574.9391356328567,26.1078662803699,Organico,2,81.65863447924302,158.47554996988043,Verano,Exportacion
7.3144931951722345,60.88500901873955,83.03280430165202,28.360953546358566,60.64266007722481,898.9485595033502,30.383970572795114,Quimico,4,63.28611820602336,80.83525444714884,Primavera,Desecho
6.041232699469575,117.63969030635776,63.92766225907412,38.10751576595979,47.60207774400412,120.51813368135421,10.31270130611259,Ninguno,4,68.03199440936085,216.82309870759644,Verano,Exportacion
6.099974899777288,73.02547093041973,11.627716570315929,198.54405284727693,57.54160178771797,455.74138799549604,32.667013007299424,Ninguno,2,74.54199392910432,115.38288628078197,Otoño,Desecho
6.308472707128541,40.45684863285791,43.600703721604674,149.61688018599443,22.78733682330431,654.9666415909962,36.31213055047131,Ninguno,0,61.424401029357185,147.0639380411341,Otoño,Local
6.582944945893761,37.26673641835206,66.82271945115458,123.72586718153755,57.49691749632146,117.07495923286399,18.26231268623733,Ninguno,3,69.03891560913587,137.09018149732458,Primavera,Exportacion
7.793677206834129,67.11094859684368,43.91787620488314,67.68713258157129,73.40750402544131,943.2078968122294,45.326626327238145,Organico,1,74.09251483702862,141.74194652934594,Verano,Desecho
5.566269610366612,89.12469123208359,99.7229610832296,91.40362168625866,17.06335513402467,843.7420178920471,14.175718518020052,Quimico,1,51.843213737041694,149.88878748231477,Verano,Local
7.095493461814047,64.9292375829356,76.57231600313072,129.31688312287798,32.857140475111024,297.1323951711963,45.38215719884392,Ninguno,0,71.52516735450716,179.0549083798234,Verano,Desecho
7.654243999765446,136.63974039072804,22.772772784649174,159.01312018832064,78.08231199468425,398.59559639305934,36.65048859627791,Organico,3,56.81803207394935,163.7909067648646,Otoño,Exportacion
7.308409000402628,10.536764243881784,51.58670320080284,189.81773652447285,25.763750769436957,709.4352114084813,42.38828705954434,Quimico,0,65.84758130942257,149.78780691190548,Primavera,Local
6.041855299489142,66.2816244712117,41.47735959070517,33.309286203911086,14.168975822726537,406.91526142670875,36.458945521978215,Quimico,1,68.88035083378853,136.4907485339848,Primavera,Local
6.6918666358882595,113.99688239008817,61.41510208709617,46.41192279152277,13.854125644762094,871.0840113099994,24.27904807457436,Ninguno,0,49.39449937700759,144.77214724399474,Otoño,Local
7.775701446508037,134.72475639875304,47.42362903403433,117.83860285583879,29.27094917464579,323.62743136297604,19.92080652243304,Quimico,4,66.64239261936952,183.69822794165447,Primavera,Exportacion
5.7892936634060534,60.176254463123335,27.600568002910055,188.3137383287222,44.64112763200585,836.4605926838406,38.033287819189376,Ninguno,1,55.866648767687394,157.95271569511644,Otoño,Exportacion
7.9687779559030485,104.30247811211656,73.81527020584434,95.98296866917546,28.817919232391457,518.1403158305196,18.4173742894475,Organico,4,55.8115089331187,128.24756724493008,Verano,Exportacion
5.859059191015742,91.24882542257222,15.132796335311017,130.4498289508076,29.66320289934085,508.0357450049542,7.783562684175525,Quimico,3,69.95256700712001,167.3059158122499,Verano,Local
5.856043858825515,38.214545315202514,55.55272905495046,65.80784006676083,68.19979358360385,251.5934551877445,16.115305501742732,Ninguno,4,80.4181812457175,202.06858011067226,Otoño,Exportacion
7.532148294453763,105.33220904878533,34.465198332610335,164.23036612597573,63.685814072575226,985.0341113809004,38.98553289058997,Organico,0,77.88958261436073,125.39470088303241,Verano,Desecho
7.570866295735791,44.93904511531038,96.82044832787265,124.9996111706422,31.759231750665606,410.347883478412,40.69494378123442,Ninguno,3,63.333478766689076,95.3012303139732,Otoño,Desecho
5.594796640073225,119.74707335536274,33.838328745155536,82.54358844186257,34.142129139234726,284.15904139813654,17.44733673940473,Quimico,2,58.638134707305454,151.3695795222785,Verano,Local
5.920763515357391,131.2261673234824,37.389446725435185,113.09804034979614,77.87711105589852,129.19755020457472,19.756538423399824,Organico,3,68.18817525898871,168.12893879802533,Primavera,Desecho
7.871319134169683,76.97912157274811,72.17328121548942,142.00386659875605,76.51089838934443,544.1596868321817,29.72023377259916,Quimico,2,77.83427303013728,197.09713801509173,Otoño,Desecho
6.198363163526281,17.577442786756183,17.205148019713654,50.567407724971126,78.11694328556975,129.03325240902254,16.788573768742538,Quimico,2,74.71634248603462,126.71275288805845,Primavera,Exportacion
5.530599162922233,113.2293582541464,35.83938442663491,74.87456603070089,75.74399037417932,509.82471334864533,32.27781267523497,Ninguno,3,60.02086789998731,143.71898319041713,Otoño,Local
6.135105251345626,75.4101226529633,71.11190826468018,57.596990506035,53.96609690909358,912.3798840343136,17.691959917581578,Ninguno,2,65.74262905054024,137.3092637854126,Primavera,Exportacion
7.338581407949748,23.232692209904755,7.921605358925801,192.4303074587577,31.582817933380998,548.1736014964273,10.43938676444425,Organico,4,62.41776058685341,171.4635657924607,Otoño,Desecho
7.791133447952095,56.35918295000801,34.54505976111453,18.163948464975526,77.86472959104395,138.97960178517894,11.96745142374445,Ninguno,4,42.5482458789413,117.40280075510574,Primavera,Desecho
5.887891463069991,50.68976098037066,5.784288305277723,20.723829442992674,61.997278728450816,337.9333701876775,16.27475060666204,Organico,3,80.969511685419,192.4808242619415,Otoño,Desecho
6.0610345496292855,111.69031580034559,19.271773762823415,77.5898737258177,59.787229996591925,143.8719006347722,12.55575519493052,Quimico,2,75.61661413178396,167.01495876907572,Verano,Local
6.603828260483347,69.36933868305937,62.39875243617638,112.22509149785046,65.8333483847534,893.8316720758434,48.84541953950312,Quimico,0,85.1568155879949,112.83941360770874,Otoño,Desecho
7.370755881002312,92.18667790900352,48.38791175416142,72.49047576919257,51.89276715549044,316.0973037522024,34.62667360078618,Quimico,3,83.7537993806726,141.65426757718683,Otoño,Desecho
7.146742555133898,80.1538056655647,19.82246187680984,172.81715895309506,50.82818738027339,158.55057850726277,13.066642144019871,Quimico,2,71.78452826039978,154.8241508796293,Otoño,Local
6.3188339525150825,111.39596995348997,12.412416626678723,42.182858866898535,35.293221416086865,968.0823799197371,24.075641428425048,Organico,2,80.27694147712627,128.2110352091314,Verano,Exportacion
5.665879547906341,110.52711840414956,10.350824529091792,79.27895419558934,20.551632335850357,538.4257250597088,17.110828020755037,Organico,2,67.50440067893513,128.42055162971727,Primavera,Local
6.132401616453029,72.83057653958164,13.109025038281784,102.71064413874318,40.69683632093413,465.0737603168048,35.80383429994441,Quimico,0,73.28584441146374,129.73435455623832,Verano,Local
6.048908490815728,28.90466645171977,14.127295423262165,48.41128280252061,46.216237135103654,934.3712132004664,44.0274397408682,Ninguno,4,64.7511315720357,129.02300139433416,Verano,Exportacion
5.552634407685261,67.10268976283967,13.199705035300076,65.11716150172296,71.44671011457876,577.7540075734187,23.037197395508898,Quimico,1,70.18144273092179,86.01330019779462,Primavera,Local
7.937599941353655,32.41893022714777,10.232621004795012,190.00785680499712,38.11203431517821,353.3077976354015,24.29767122783114,Organico,0,75.96964007823568,177.14905288758973,Otoño,Exportacion
6.138428828358366,144.28210818474977,71.21791894753395,108.84313969698333,71.81131725216304,812.7733557817562,22.930975674221248,Ninguno,1,76.53367510597309,188.36178027392495,Otoño,Desecho
7.591337618151504,143.02017372001922,94.42033725302782,175.2366405991855,32.22624573111065,344.6050987476988,25.21510627503348,Quimico,4,47.04130241550985,97.95024694836512,Primavera,Local
6.7121540133501165,73.93599271998194,86.31799406249196,61.17959332328933,76.12741015213003,498.54417497461503,6.613325638206895,Quimico,2,78.60368815648773,153.89245929666905,Verano,Exportacion
7.930726892266268,13.867902622691808,30.25608859143883,126.35020415087442,12.725479418597676,822.85392990174,31.667212591079092,Organico,1,57.999269777378,140.0757888603404,Primavera,Local
5.873882802383912,62.450116539295635,24.4065474808296,155.0165190116199,46.773274546133145,938.2962124979729,47.84170846413091,Organico,1,64.78488628018171,139.46575913350313,Otoño,Exportacion
5.776682902348894,135.313161212745,9.551644959081724,90.10148976237377,32.511408119837384,645.3083046315372,40.339513287426676,Organico,0,52.465323757011305,123.06994733562176,Primavera,Exportacion
5.506157311225638,50.32295902788473,19.823199603133638,128.695508423101,30.608914180631412,554.329854511616,43.76351339343541,Organico,4,63.55177176144544,138.57086263452484,Primavera,Exportacion
7.296117722466532,97.07717822420405,58.93827281846027,174.0117010769013,15.55747621770063,168.55581099982697,15.311116538677707,Ninguno,3,83.9392442423075,217.4152966436411,Otoño,Desecho
6.265940675141049,35.75121204664124,99.82186092083296,36.74916066918314,57.69019047779836,655.3172876622186,32.32310245650858,Ninguno,1,73.77922056049434,172.5708445926112,Verano,Local
7.6758873690841245,125.52298879587767,86.60826865296772,77.40093383280619,37.47841506598626,393.93688012163926,45.18366854842978,Organico,0,71.39285187317041,147.47245258927876,Primavera,Exportacion
7.084512130367742,134.86562492104892,53.91754538281998,166.54170845813886,76.43371486286325,563.0486756316411,8.08728373278831,Ninguno,2,89.37646681348875,107.85879781904376,Otoño,Desecho
6.943579721716903,96.11675744422854,45.22821396920616,53.87029384463423,59.86965566789342,770.1405456266186,44.47644735728956,Quimico,4,62.93836119846417,135.38994116399826,Otoño,Desecho
6.7172288418180734,97.32674728517361,19.04345898131001,115.6617192211783,41.00237107538355,676.1826067448985,7.9025323271931525,Ninguno,2,72.39936978105806,149.155888032622,Verano,Exportacion
6.145434112711145,62.998404116436326,44.76616724331303,93.22295469897853,53.91084546796594,187.23986717813608,49.23807896333756,Quimico,2,81.92715698712023,124.3719215874152,Otoño,Desecho
5.661721328147123,108.99279118687116,61.51152739953139,136.3304518393728,14.62008244336727,457.52070765919393,8.776469179949364,Organico,3,79.157684447127,156.3495103816229,Verano,Local
6.608919946380899,76.98462211414052,61.570078270937344,136.9210157447388,51.23967362670529,279.5447538250953,21.558494854347934,Quimico,1,76.54279129200947,145.802043300129,Otoño,Local
5.747799129963167,114.36816150964795,57.9669158953118,119.91144007432132,56.63048133588032,236.00692366403348,7.459161364144029,Organico,3,81.29155802644794,174.21475365164554,Primavera,Local
7.764327830238434,145.59166540048508,83.28178947135963,189.88827273102703,17.431508143681597,298.31759292425755,7.554780127584862,Organico,0,79.02378951612337,126.50515582520691,Primavera,Exportacion
7.573322796008359,125.13262096629254,53.4579679937878,43.31199251242836,57.77009658587322,928.6153016392186,43.98278801945892,Organico,3,76.4830320387064,164.5109954899298,Primavera,Exportacion
7.049403223685074,82.42637424943112,49.92070974967861,168.6665244977748,43.18051758023223,741.2582720177189,7.862314620956248,Ninguno,0,57.94750555677142,167.29493745221052,Otoño,Exportacion
6.631099232419375,147.044392186313,34.04852100665686,102.98941693578922,43.573206182489756,917.293936122114,40.667968972814016,Quimico,1,70.7139472066178,158.29217137297155,Primavera,Local
6.635488504911464,94.99151211157485,22.122964584664015,135.74430460475736,60.65043124807585,555.8128105673138,45.809649275771456,Ninguno,1,80.74821890179001,142.70565800914144,Verano,Local
6.66128769252645,19.082138738750466,5.133374920309581,62.01190711835653,41.48648217876469,101.00895710825206,47.0772433422389,Organico,3,63.17362313518572,169.8019525082802,Primavera,Desecho
7.363657834933661,112.25146732082352,35.59933804633576,27.976489576901514,26.40430996725362,130.98866089905985,43.88196907281194,Ninguno,2,63.16004408587182,132.01468212988746,Primavera,Exportacion
5.81551265949055,124.8086983050824,65.14267271506228,157.76414757823778,30.879871079666813,230.22570064037802,47.98239350927591,Organico,3,70.66860665423368,93.86024244111931,Otoño,Exportacion
6.828239457036028,28.8775168358461,58.09526341132108,57.83260173450419,61.68458474426242,802.6475721571028,7.330705680726321,Quimico,4,80.75332192006321,138.3846442466246,Verano,Desecho
7.531666653413129,105.10059530730287,55.39907348485821,84.15567896953782,14.969695768576479,281.49200471846257,49.84738467570237,Organico,1,61.850468085727854,150.83708009830366,Verano,Desecho
6.775314691005621,138.928329698587,78.37579329205204,19.029664821834444,68.8577836870212,191.43670599077035,5.921989008831959,Organico,4,62.81651592319467,125.22554864782325,Primavera,Exportacion
5.534353079712977,45.199633397063906,27.120444234306053,133.53874360490383,50.75424703801082,874.893681185767,12.493139067741055,Ninguno,4,51.50646839644402,147.07454975528822,Verano,Local
6.11172648484463,91.9012052417822,69.46111046165815,140.6152424959092,60.88796212565599,305.686169313371,8.642673154696743,Organico,4,62.04749984355757,94.92400630275492,Primavera,Local
7.171461605782564,48.442359852139774,62.68066074718433,181.31529208961976,34.058144136336395,552.1764827883889,38.47978830744536,Quimico,2,77.8707420400655,168.4501006518796,Verano,Exportacion
7.835498937482363,118.4170380730322,37.20418567180092,179.29391766625128,25.59194026453357,405.5243230427766,8.916282837349346,Quimico,1,61.984959966440705,167.7139113020874,Otoño,Local
7.734370212171189,91.29240521145312,25.761642265241047,143.9757861661492,66.32029944046914,906.8974576844565,18.170852849760614,Organico,1,59.482187009176116,149.1839297597116,Primavera,Exportacion
7.556762298808504,69.93068868122592,58.455537607615405,71.20452090015615,17.154596695312744,734.2756110489809,33.71344112479899,Quimico,1,66.42529638425637,188.0264280793152,Primavera,Exportacion
7.875410408221478,14.05831846510024,94.7890666005497,81.17898507531173,21.609781100994052,508.5263033827419,27.410754930628052,Organico,3,66.22186374630179,122.42207954429742,Verano,Local
6.19979463867158,142.27185270855452,12.253330002774405,82.52332987129039,29.944470491795947,876.7539410034109,11.13014747709224,Organico,0,78.04588772544368,173.64897381634498,Primavera,Local
5.530994197667832,79.68349821697316,95.53355973298227,34.630127565397956,34.58559091711953,754.0583852429792,28.469093223713987,Quimico,1,57.72077166535408,161.74955102442328,Otoño,Exportacion
6.385936489695642,122.57533604329541,49.152023669342455,189.98452251946813,24.25588125837683,827.9887258998776,20.32982001449826,Ninguno,2,54.145564978629956,136.9581062059328,Primavera,Exportacion
6.942527504817328,64.86528757799712,72.45413258509065,165.45124596877014,73.88406936198214,979.8092331456933,31.36726462342737,Organico,2,81.2077693645513,145.13521467476463,Otoño,Exportacion
6.291165000359259,128.87450918171132,81.30444336831711,37.60125485297053,11.902532500871494,282.8366184737259,29.232316909019758,Ninguno,0,74.91982106069266,147.64822989011114,Primavera,Exportacion
5.610509396364613,32.40545305957643,19.393905718341962,189.82812110800035,66.24263674067518,282.2406382736781,49.52782272223139,Ninguno,3,57.967113153183575,158.04122012117114,Verano,Desecho
6.767967478791759,42.409147687208936,9.271015777384402,170.21258189684275,38.77488886352318,600.8512229404145,43.8582752132825,Organico,2,81.45664386370795,153.82979163073074,Otoño,Desecho
5.999240902466736,56.67479543245439,17.206714020643595,184.5821266643338,68.52793554592444,579.3475111132221,5.1650317335161064,Quimico,0,50.16591157727113,108.79469586782602,Verano,Exportacion
7.318928192848748,22.403347225405703,37.390524482588226,64.27243731322542,65.71755817073984,882.2068528539213,12.920533561490451,Organico,2,79.20269618533257,174.56454007548245,Primavera,Exportacion
5.723003941116541,72.13773197805492,95.87265181235523,73.75828843782634,18.47261673281382,240.32189819649358,46.09118991506423,Quimico,0,81.23579496682767,177.1682272544929,Primavera,Local
7.895314450150259,78.02941444086632,9.06366660196058,99.28583256339971,56.64905076085525,482.5384972640792,29.27558380276189,Organico,2,85.1880766408191,154.01180152485284,Primavera,Exportacion
7.691701197774724,26.07199968452344,92.3808194643515,52.598126649677205,36.491248894612596,575.1199685673888,39.1760695111628,Ninguno,3,58.06301655056019,179.30671426265422,Verano,Exportacion
7.684635376820843,69.79381887356541,58.322995688901585,98.4302919136083,67.47088971831488,517.7244883115084,27.657799516185175,Organico,3,69.67891136755311,124.2281355469363,Verano,Local
7.4747265968838175,37.621447096738066,14.722391342354465,11.748320259426308,69.57130213012776,160.39255568992485,40.35939074604967,Quimico,2,55.18258058813866,199.3819404266214,Primavera,Local
7.083973231147917,132.52964776952845,19.511106661086487,176.73194849088983,23.233237218581284,233.0676242111963,10.97480659997652,Quimico,2,84.18957045575132,124.1761432906982,Primavera,Exportacion
5.63357259827403,81.30107937533548,70.48646132248365,40.83586762888346,43.50538841938395,238.2082708342211,38.205580942705446,Organico,4,76.69273872248876,180.0234515128232,Otoño,Local
7.1560647211011394,143.2752599219652,62.80307871999078,105.1610874926058,51.60826239460488,636.4280007289997,44.132313415036734,Quimico,1,70.8505571210663,155.78972161081487,Primavera,Desecho
7.367318204198104,57.80040909358064,20.90836460022518,186.47703361836764,48.08533078012617,485.9757066976657,16.95420705457937,Organico,3,62.19990578390628,161.50280941746428,Otoño,Desecho
5.82704978863804,57.795319985945106,90.91145336067413,165.9866830962052,27.623960816819736,260.3550652429458,21.576463111444287,Ninguno,2,67.82057531044474,187.88705439041996,Verano,Desecho
7.039390063767781,57.41965855444285,17.625873659484043,157.4636698299416,29.074378379509064,762.9875704742458,31.57618097562284,Organico,1,70.31223664675208,168.8156059196016,Primavera,Desecho
6.697168685503937,47.55983194437533,53.59949067512626,125.03467146856742,70.0734063350787,822.6695673458306,44.070902635358635,Organico,2,82.02650644125474,127.1781726440444,Verano,Desecho
6.681103855799996,119.79312613297196,55.18796256139316,92.89196231802131,12.28901435938759,289.12023785959036,45.850751034687576,Quimico,1,77.1568127864036,166.2063770776282,Primavera,Desecho
5.998655583795818,49.58371356679585,87.69772387758567,94.74710049734041,28.365410511848637,750.4878986178916,29.049153383981018,Organico,1,66.66014640308511,213.6065071265968,Otoño,Desecho
7.348595463990248,50.32184987302613,7.104270518850807,26.523464570868935,25.615224680214936,157.25330816559273,34.61293757914168,Ninguno,3,62.12858014042566,206.4292948598101,Otoño,Local
7.812811652361634,16.565476213187793,17.96291158624944,22.3093315050931,35.94676266749674,870.3453829936914,44.280976263626265,Ninguno,4,74.53327551971446,180.6162059475539,Primavera,Local
7.4695082906251455,145.15059342006515,21.214474605165513,170.2533186018968,58.02717056633157,966.4525194476801,15.408375451799584,Organico,0,78.47499712071881,164.14337520177614,Otoño,Local
6.422580557043481,134.08113883858096,10.973732764856383,87.64389664425877,47.25823730879387,240.28197029151278,42.134646253101245,Quimico,2,80.72033624553254,126.58101520205395,Primavera,Local
7.960443276362168,50.951351817953245,64.99091198864069,20.26304881171273,47.84406889268662,807.5439588333675,16.78344594294559,Ninguno,1,61.354606797962305,162.94240060341923,Verano,Local
6.410425764892333,82.90766522073082,26.81198676679906,135.9803120975539,61.19013730913374,187.56993963312794,31.145179788251564,Organico,4,66.6132464881944,147.7667671567438,Verano,Desecho
6.0860596579194715,77.58431348822377,59.78363428323539,139.82745609151075,66.8512455128385,965.1263269955047,47.059924810448805,Organico,1,76.87843546564126,133.7622696551307,Otoño,Exportacion
7.920211597332591,22.278433513605595,79.34815934128112,53.21366804451149,21.19121481105807,506.86445760649326,28.017266878443174,Ninguno,2,63.86559002251836,144.56182784442058,Verano,Exportacion
7.47454133746163,84.36759942792733,43.810206862480456,88.036722059923,17.562135807247767,581.7498105263658,9.203465810874718,Quimico,0,72.78043727030462,127.72224510233103,Otoño,Local
7.403110353833655,25.865723564783103,78.04077606135758,118.9505730221004,31.085317830789286,787.5065447290352,45.31144082328504,Organico,3,71.24965452190854,220.20069843492166,Primavera,Exportacion
5.693579858517579,70.77254772722695,78.89751231114423,123.29353543783593,67.92873077783463,323.9045831662304,31.323616998055996,Ninguno,0,63.606410368133545,138.55009663341548,Otoño,Exportacion
5.98005901555979,22.292600160542403,30.02519124536248,107.11194359415397,47.9220496837858,458.9749640524251,8.201788705708205,Organico,3,83.81546773265978,174.2646870297026,Otoño,Desecho
5.546294903793423,92.44826599620812,6.495736753291164,79.19732760382615,19.99780105799622,163.0105007347285,5.473782698544233,Ninguno,1,69.6624655203379,150.3411978416851,Primavera,Desecho
7.441622945610342,16.861243721622557,14.81177605460157,23.07581152361197,21.461644070331662,653.1584716999935,16.75772783288775,Organico,4,62.83073968640467,111.7882622646004,Verano,Exportacion
6.195607403231217,97.98000822757419,83.23475531622533,14.23388689482371,72.87883378036409,819.3981537692057,10.412989466223728,Quimico,3,79.42045167064956,147.5239032579882,Verano,Desecho
5.83055956365024,109.01058569800742,43.50419492634177,97.31160023492023,35.687811554798046,866.6566838562476,33.27956178324874,Quimico,1,86.34162165656143,152.2447166050357,Verano,Desecho
5.954728009080981,89.92084703087384,84.71412153125463,48.559106722742285,27.869549575015885,582.7162078353907,31.85220553263895,Ninguno,2,70.78344792578909,195.60526075370115,Otoño,Exportacion
7.102829858960173,75.72860425738646,57.01386043294674,188.31288061362338,58.56181840299474,789.2250251264143,42.83964565566797,Organico,2,61.833626712441145,146.93650200026693,Primavera,Desecho
6.582626726978316,18.51097888698196,23.752561833562478,131.6792333689359,70.25490736908891,234.91576958239418,28.10125972882559,Quimico,4,56.44955360675519,119.45644547879427,Verano,Local
7.853490973109885,11.589457927020273,72.6625394239303,121.24654236627069,40.96869981334294,769.0716731672001,16.390441951896282,Ninguno,4,69.27550956261038,116.04339767636935,Otoño,Local
6.414729043328463,57.94041409882305,58.0277025500958,87.244851948704,65.37925136206569,104.08512097165658,7.262717622804017,Quimico,2,94.57950448503793,181.16784450457197,Otoño,Exportacion
7.584685827281224,117.97534076897834,38.421495153978825,72.60979927519038,40.10259319397137,275.36076868257373,5.472713715040882,Quimico,2,75.21355743674316,130.90354461906836,Otoño,Exportacion
6.866162528780187,100.61890529543184,13.333114567705385,44.163513519193245,58.39967407844801,671.1738270952684,46.66002390161964,Organico,3,63.08798650610032,152.90949570764167,Primavera,Local
7.263368735481095,27.53933212227397,14.718343834861832,21.42718613235374,50.237246644194066,388.4860095321553,11.503062841439784,Organico,4,68.02211980729109,98.75992645536955,Primavera,Desecho
5.9216519038076045,106.31148284851729,22.90860334390598,130.55455201912312,72.61127646843282,469.5485757049608,27.463763425964114,Quimico,2,61.76173744992954,200.55351642861336,Otoño,Exportacion
7.372461315142516,90.4881826575403,68.92845632947194,158.04808571366252,32.75359832986581,843.4601832248552,40.76523428711617,Quimico,3,72.95369518979477,121.43817323054105,Verano,Desecho
5.714138397608789,33.34124709639411,74.15728510103563,172.97490662128288,63.92934655299802,613.9867700216583,46.788487912443756,Quimico,1,54.38077344899093,177.47066054287018,Otoño,Desecho
7.22780347481301,115.74222979897918,64.93700601269761,147.61848797588314,57.87561451104013,459.0678974045373,14.076306729135952,Quimico,4,73.70847486648465,182.90337839049636,Verano,Exportacion
6.663793996804797,126.24263121559645,37.040496831518546,180.42066756065776,68.7176654578225,519.1865919341817,15.43696285184062,Ninguno,4,70.08870738049636,213.92649285032576,Otoño,Local
6.071315349881366,42.558040434307344,46.84465409975149,196.73323717861837,52.527834916694836,863.5878968768382,13.088731673717003,Ninguno,2,85.81169611334961,119.40432474662106,Primavera,Local
6.700967818678222,99.02408107086437,72.40817890491122,192.71691390363898,42.20967377642413,537.032330334292,12.151892607405898,Quimico,2,75.183974269388,152.1388581332754,Verano,Local
7.639195323690149,62.93854723223576,67.68623165350968,122.52375385408305,13.461787226192559,887.8144781120005,25.472983913083805,Organico,2,79.87230542924443,238.6595061780132,Primavera,Local
5.886797945211057,18.184539746024026,78.43628543670889,52.59800061782234,68.77889171371295,322.38940519346676,33.61573559131958,Organico,2,77.40460590429242,132.28548823823397,Primavera,Local
5.924066041908127,130.58945134407873,27.908067639654508,30.20753217012238,73.6954184500836,580.3815375233978,36.781737573415334,Ninguno,0,72.12391422311465,147.867413696869,Primavera,Local
6.834993114071268,124.90422733464746,5.426444673457175,198.84574964021957,41.47572857777161,432.12747315252034,19.72393654414933,Quimico,2,75.86191382734455,173.3037872811744,Primavera,Desecho
7.0631363757795524,54.51195113962175,30.311999575895275,68.59414397275606,25.55837674244463,632.1680982434735,33.07150916373862,Organico,1,72.23956277184294,178.72545203084584,Verano,Local
6.550499430170597,84.41072335347121,38.04968911549358,16.454501258434178,55.30088327594061,617.959489550246,5.106590661509523,Quimico,2,58.313316144525146,208.02060337339435,Primavera,Exportacion
6.165981495316292,81.73174951764014,96.24877910775785,84.298758317472,18.5190324770183,614.1784648491919,44.97229206446225,Ninguno,2,75.56432228927692,134.393129292509,Verano,Exportacion
5.667980196445931,34.844278391822385,25.684565964340976,152.13894969762737,12.859283102861005,574.9957879643646,44.13884754271641,Ninguno,1,67.98676851035553,134.929001010137,Otoño,Local
5.624482822455987,30.39434717540309,83.50841331980689,179.25199743371218,30.30742283137657,508.9887572869931,29.48385166334254,Organico,3,86.54983512510555,154.9223443961711,Otoño,Local
5.602050257436955,128.19750255670553,64.13859525339751,100.73713086191341,57.59390629851165,919.3356600130323,15.951664825307166,Quimico,1,62.0266466460446,201.09274947514808,Otoño,Exportacion
7.753207583413092,131.43013603108815,20.915981550448393,65.86549387332562,66.9942262454515,341.1579556070936,48.75023860644617,Ninguno,4,56.400226011697995,132.132820230155,Otoño,Exportacion
5.8283928891798515,111.5251594141125,43.33295701399466,157.8967982839107,20.979838287391395,490.5583714304504,41.47887201140388,Organico,1,78.13754904267577,140.9010584141797,Otoño,Exportacion
6.237808651891128,20.187173501042523,53.46507243895849,105.7159869732935,76.2304424004203,290.08726635822995,5.762931764508775,Quimico,4,46.156215474646544,133.73771643333944,Primavera,Local
7.964730714544682,137.27990453365953,37.69426554686699,26.345622327618717,48.64534963045647,399.0287007157268,26.133853521767374,Quimico,0,79.40213926841705,144.14357301386224,Otoño,Exportacion
7.818686861239021,147.3053828801666,26.484261217703413,178.67244421251635,74.76808155131027,324.08435240627995,9.593520459820464,Ninguno,1,79.66784851547226,135.07643669883754,Primavera,Local
5.6071547835056705,118.58595007255931,29.020839269160223,134.6033388592209,20.48525831716989,702.747182136815,10.950839998727705,Organico,3,66.67016067444214,161.86293160060177,Primavera,Local
6.87815897002168,59.47777355453654,60.594547706883475,16.994302523901133,42.058291828440034,736.851560268529,5.058876383766577,Quimico,0,67.36541518747127,142.78742754809488,Verano,Local
7.0837462337375845,66.80846812941769,70.37007499643492,11.720780418283418,40.15664363162951,349.0623317639016,35.94706863234552,Organico,2,59.40822472611852,181.20712338792165,Primavera,Local
5.635285316087186,131.7491417491955,49.55226957150606,26.66709897954996,38.818481177807335,985.2517868002973,16.36342085739394,Quimico,3,62.554553494782894,150.37148402754704,Verano,Exportacion
7.320315312021214,49.22605505798031,94.46490449090653,166.17152443652884,75.15517478207316,355.8032419679456,18.717921227736447,Quimico,1,72.19759542880414,95.84713933276387,Primavera,Desecho
7.969674969308953,29.860065556217982,74.2138104858528,101.44846137365226,69.45882753547733,845.5541818690965,7.116517427107064,Quimico,1,75.91887675389965,197.1778689165144,Otoño,Desecho
6.573448938964883,125.19260083400795,89.71700676066268,73.70722710808374,65.59942834827437,363.3392272538418,5.357503214735717,Organico,3,66.43806507128606,174.68874154007256,Primavera,Desecho
6.623543868092925,37.06655703906228,50.18803689739209,57.365748351435826,30.028673636184013,471.8736529712973,40.67252668798289,Ninguno,2,65.50327016921764,185.82606152308284,Primavera,Exportacion
7.148367211959048,137.0219760250535,6.413878155801763,106.30301696726758,33.73293661614624,698.2467344034466,34.763431718709114,Quimico,2,72.00746835776393,141.6759194606027,Primavera,Exportacion
7.341355138450852,93.39549778225246,61.246700312682385,25.777642715471025,28.151197124959698,601.8999597083439,22.20433195180544,Ninguno,0,77.57895063097023,212.00281701899615,Primavera,Local
7.474430835294629,87.75177933199951,82.73464105015873,127.26428740587389,65.54383480895306,555.5817444276101,8.145423128534715,Quimico,3,70.88155091367126,172.79746368278398,Otoño,Desecho
5.693949605777576,118.6049063960239,55.97083063253173,82.30020376646995,37.49785466928829,814.7972442025824,39.9113642084992,Ninguno,4,74.21531662755464,172.8514002213156,Verano,Exportacion
7.501722220409922,12.305140349004853,58.950599576793266,173.10360623304447,78.50809101072869,736.9487507664015,46.68600256979537,Organico,3,67.92833949683872,85.21724289627728,Verano,Local
7.660184880677452,109.89545949878162,97.62223510400418,153.34110229755203,35.50214033817111,922.7501415599572,28.734406986906578,Quimico,2,51.39240836566526,144.87900701819765,Otoño,Local
5.613068110222465,93.78915361511999,39.78350751562447,13.489573359064366,21.885007532353306,307.76237470841534,11.252624043636917,Quimico,2,78.6284843575857,169.42203560701068,Verano,Local
5.597837495408678,83.32929629624019,81.17791779279884,41.634632042091525,75.0897975396614,114.68640577844434,34.363984233969404,Ninguno,0,46.7983779524331,159.33416891609005,Otoño,Local
6.877226212997476,40.42565726560077,52.982052750262355,100.06655765067906,64.7897252498002,999.8726229811275,8.218275695314016,Ninguno,3,60.11509145897131,133.31231145879556,Verano,Local
6.7420165261228195,126.12082226624123,49.0525453637011,135.14925038036455,50.82660091358111,355.07313030693683,12.44876713458116,Ninguno,1,71.70269634741652,67.62163090800736,Primavera,Local
7.950241746896161,45.091045207017736,18.829820995037213,145.87393042325053,70.09070206309264,138.6520628377635,26.182964517149866,Organico,4,63.357687118673994,155.66759730503622,Primavera,Exportacion
6.236003754234625,78.5682025221615,76.09753294019941,165.08621996401905,76.46120238146868,322.6140056083909,16.206489834234,Quimico,3,70.64584554032355,159.83419658032915,Otoño,Local
6.975499949016958,32.13124843213161,83.2129701110856,19.351536785416265,70.29598835346003,701.902276081566,46.85963798100235,Organico,4,83.58700999804536,193.9411219022469,Primavera,Exportacion
6.76668313415456,146.31942899177062,45.9333572823079,13.511808002513026,73.31633960779757,629.2999809094163,41.39918944275945,Organico,3,54.05862158832626,169.4078077502946,Primavera,Exportacion
6.839333311813722,37.23460380382491,77.53540637052085,124.09608932808896,28.986688841509867,286.0377197213717,17.454509044032264,Ninguno,2,72.13232661849801,155.98440499423737,Otoño,Desecho
7.149170787560509,122.4505761998006,60.206474745984096,147.52711996694637,45.759428091703576,267.60047257864767,48.37073954295586,Ninguno,4,53.41308727549429,153.8263601298771,Otoño,Desecho
6.843987476650229,46.83109511615117,29.467659890689415,159.47226326381693,65.67046402360222,499.9080616293267,22.023275627226877,Quimico,3,67.22309545776115,155.20530646518145,Otoño,Local
5.517361381872343,45.846053237119776,92.7529751493495,39.58596106868639,46.82138979079263,112.15525860266997,30.576793291596495,Quimico,1,62.792122303271924,136.48388312679,Primavera,Local
7.609275668639211,69.03945444652747,71.19328430121739,194.0598432620269,54.92876751810263,102.14097567344157,30.380577851336543,Quimico,2,55.03412288111736,137.27963109502159,Otoño,Desecho
6.00288601908893,128.41866339807018,88.44178867947923,53.59152675698061,74.59912617389423,655.1642079180584,34.23137324375362,Ninguno,1,83.03209745130441,156.22029521628733,Otoño,Local
6.077886524043881,106.258038447133,31.739120435113346,57.562772190657775,30.674090481400512,392.756959788266,15.963285604112068,Ninguno,0,72.85230225259517,188.25764215806984,Verano,Exportacion
7.119931906637923,132.02887821226722,92.05450298792375,39.314917498803766,47.75841966310678,121.52402487597001,46.49231021464656,Organico,0,83.65917524337341,174.00585064927725,Primavera,Exportacion
6.694379138649672,16.609722593432647,39.64335181477393,18.21701418066319,49.44771960696923,513.8270620246503,16.955474717904067,Quimico,0,61.90603323322004,165.5371186284842,Otoño,Local
6.936199900510638,143.7969819275297,5.90552916318829,163.84758371273728,35.167596749526886,942.0007920148022,34.917838582143155,Organico,2,80.72065603809371,106.59444267546743,Verano,Desecho
6.743747343831095,20.79916530386321,12.127701606659624,11.072272014543024,35.779106989753885,329.4235498526923,39.45923781173244,Quimico,1,74.71527764446039,179.03549448552505,Primavera,Local
6.5446565730850095,110.94915447840172,13.487156017931436,98.11817376904266,63.832726917000016,325.95701653305514,44.668014895677985,Quimico,3,56.803720329489806,161.97190832371615,Primavera,Desecho
6.708256178462975,39.004241655391844,24.67861997950082,27.47376493068003,75.06602959838744,521.1862520282104,25.5621244563409,Quimico,2,59.34116755904772,225.00611081872347,Otoño,Exportacion
5.852713525582565,127.71827992610855,22.719588649321956,18.511115957655363,54.36142105642965,233.61473900284903,37.02580707324627,Organico,3,59.05962903538558,152.8156810075948,Verano,Desecho
7.923264452495191,130.73063765266744,10.499929432965898,187.58481643441212,44.156074470785576,674.145393400024,8.842462611282382,Organico,2,72.63875634707502,172.10751378893485,Primavera,Desecho
6.936879411693111,87.17496401724748,90.06228107163234,166.8259674383481,62.525162989564144,855.3301203990252,40.01089052633961,Organico,4,72.32931658000174,165.37444093386796,Verano,Local
6.2170424662173955,66.4019006974415,83.68945795149642,85.02648927526933,79.84664342882245,275.0729252262689,39.0045649573202,Ninguno,0,84.98606194542262,149.5595575788768,Verano,Desecho
7.2821006618355675,121.07196893374015,77.46820713659869,97.13280853539385,15.768113125040818,692.8598324313916,23.477212927001755,Ninguno,0,60.49692007098381,150.9339787697122,Otoño,Desecho
7.700265293469733,132.36439088159568,50.517672630889834,174.9413862158327,55.61079600352043,899.2041545284372,19.105595271950307,Organico,4,74.7650309277022,136.5195296176997,Otoño,Exportacion
6.241169133327568,113.35635109435931,45.38907461311529,161.3990148007296,48.9275659596489,912.7706698530172,22.108996435028715,Ninguno,1,72.16076701100829,169.1031296448043,Primavera,Desecho
6.31127895309855,136.96834616808718,45.40962611331712,141.4068507845056,52.717260461603225,597.5952455294098,9.07548813444135,Ninguno,0,62.247195774555514,112.8373646532701,Verano,Local
6.596371763621201,97.71442218778216,29.867903937287657,111.94742219284177,11.597379590478274,237.06452649736786,33.70125380005249,Organico,0,77.53148148320857,235.30171554694041,Primavera,Exportacion
6.043224429453921,103.86607042399827,62.78447328299729,125.4862630945172,76.897170212656,693.2544683011929,46.086450079479484,Quimico,1,66.73312886823975,147.69128734839572,Primavera,Desecho
7.524470942122478,90.06067462546702,10.612566849437215,84.73808712596617,15.977936970650603,761.3324380091442,34.95767953516756,Ninguno,1,71.425721775149,135.73386967677817,Primavera,Desecho
6.9604416870814525,78.34271321217152,67.58447153498741,110.33843463650724,31.52315699215864,778.8825175128248,31.12342821242412,Organico,4,71.28385108598962,145.53492969385792,Primavera,Exportacion
5.642611265206651,101.68048373735051,53.81645906605453,112.54258116927876,30.88084024596103,940.9051358776818,49.58168542027706,Quimico,0,63.80780742519684,180.0898933573619,Otoño,Desecho
7.9917601912663745,88.5617554230732,82.56942093649101,174.31952670991174,61.31794501869069,653.7465498760045,29.38271589387802,Ninguno,4,73.9541865357351,172.64829072752832,Primavera,Exportacion
6.937428765409898,112.37359656414081,97.41048399885784,51.54427115938961,56.965591516187686,519.5009819635607,20.562400119078383,Organico,2,75.73063845735254,150.5005034494468,Verano,Exportacion
7.724840822554219,140.79281404605823,88.27796309795507,56.85811013976265,14.320772526515364,552.2958604981012,36.709761516103676,Quimico,1,81.00697848986397,138.92448953541512,Otoño,Local
6.754045415696082,62.226605388577156,73.39279375120151,50.07813812738765,20.479619225037947,389.3878674977421,28.4642422186554,Ninguno,1,66.64119709436879,119.99277649073386,Otoño,Desecho
6.956123747101939,67.56357858111318,46.114424201087786,120.04187708586139,32.31493461480542,151.53938218021187,48.74402542137071,Organico,0,67.948345750569,150.06914199815964,Primavera,Exportacion
6.636188124297302,12.104700852936563,25.379804893795303,142.07996591579754,59.28727806711769,745.7193713639041,45.40797917797776,Organico,3,58.19006304183121,162.5045803901368,Otoño,Exportacion
6.556901833676093,83.78483896715193,68.16296513463314,55.31548086795643,75.0464622720229,117.86474272030068,47.607875095303896,Ninguno,4,64.71448353847403,86.52374208124692,Verano,Local
6.04576110566432,28.396133895213385,24.1519153555878,138.6226909455883,32.08319769773489,157.70189630863854,5.045988883348612,Organico,1,62.25752965413072,180.3692493663176,Primavera,Local
7.905310628917299,110.24009950475099,6.924600243035949,129.33731379363925,46.79018304061372,400.7143448645824,20.03950387188622,Quimico,1,72.46041038487314,167.22383867506824,Verano,Local
5.954428109060354,119.14217038660988,59.45713321365018,71.00485240706824,36.08273398559137,937.9580725092541,33.224923753113686,Organico,0,77.376325250651,142.17005095853614,Verano,Exportacion
6.81601069697379,111.18367933220226,42.44238911817044,53.665580205526915,50.41499917022831,534.8205569869876,18.874336933740366,Ninguno,0,80.22701449431584,152.35549410671166,Otoño,Exportacion
5.71774211484255,86.53020876327786,88.22177330508595,177.5431311328567,53.958217598666344,293.66081183339884,34.53996830827851,Quimico,3,81.61830722626004,125.63982427980086,Verano,Local
7.983442257842724,84.7904206841114,66.34910581681575,118.23708523179218,46.280639794991224,907.3441335248007,37.17282402586242,Organico,2,76.06216686328354,155.08931016177615,Otoño,Local
6.8891909830120195,100.51755171551054,66.48875983841295,143.74085026699515,37.23156714394227,614.5217409793092,33.04777472327747,Organico,2,69.62581691765325,90.01897106463832,Otoño,Local
7.536458074784716,87.65811423943236,79.8498395254521,185.81437583260922,71.58480745751999,432.8316262528539,25.62174360355781,Quimico,0,54.84638881294621,181.39500364053032,Otoño,Local
6.90732213469406,115.04072517869264,36.886940107995436,49.02553452389286,66.13423268992787,744.1497791989824,36.3538734925197,Quimico,3,74.54707124575889,145.29307756344792,Primavera,Exportacion
7.512463049574289,135.23389405526086,96.02633540515308,76.60531126034233,79.8883900268497,497.00943255181306,40.11693851649825,Ninguno,0,60.70117781348359,94.9957244090252,Otoño,Local
6.836024816017909,85.0581291003022,26.025541689133394,92.54551049790797,38.8885013866465,756.9807616873675,36.323994873429235,Organico,2,67.48117586132547,183.6066471975082,Verano,Exportacion
6.612435919045542,25.447826524022307,87.80959019845483,54.24995703609512,12.712044435927425,296.53891835660835,41.540147553418265,Quimico,4,68.72304307697063,137.9398258346305,Otoño,Local
6.639764496626309,28.34460370575724,91.52989515713863,169.67990255287336,55.59594167413769,235.16418355445592,47.6263353830395,Organico,1,60.895536844929914,135.23455402262988,Otoño,Desecho
5.505858849616466,62.628582565120006,8.708835802116733,25.846590727643523,64.83987989134938,514.8434006474904,9.613008769223962,Organico,1,61.98148613683175,138.88367518410675,Otoño,Desecho
6.42663737696222,79.48098409037033,65.0230998447197,55.44029204934634,75.57490052907036,387.63735857726664,45.78887595663967,Organico,3,70.5287038980474,135.19316478306806,Verano,Exportacion
7.879860138558808,41.50705243546936,76.1949797999912,46.296485915758325,10.725477703765213,644.6376306656305,17.30834581437494,Ninguno,2,68.1191664609523,169.44570909436413,Otoño,Local
7.188942106958297,73.38502893634919,95.61388843942171,191.14442844955795,71.57074075843825,809.9134963333123,30.369615621925014,Organico,3,67.69591344909861,147.24313849575205,Verano,Local
7.79829750738125,29.002748364695222,28.880995418119507,129.19729079638387,46.171665127760555,911.3539031000475,47.40671698923418,Ninguno,3,62.62457359360296,138.58965248516142,Verano,Local
6.000656424533259,43.71620107033164,58.37576667222845,146.08088991171817,36.23724836552904,784.474970782823,32.90326812126035,Organico,3,79.70051420566418,141.81237349264734,Primavera,Local
6.727900621524314,112.75425273627646,78.44615943839263,30.600009115699624,25.535585490983692,407.57437710669734,8.787671520866763,Ninguno,1,54.33823407945362,188.34178539486464,Primavera,Desecho
5.586204826046837,147.9798451324177,19.093774345639197,46.86200583227696,66.98867034090486,754.6291986547051,27.46523127524416,Ninguno,3,90.29620143572626,131.3562489287224,Primavera,Exportacion
7.192630379787268,36.068433376178255,86.03330230785078,163.87880956687766,35.46182567067949,576.8975823034947,45.24566994401921,Organico,2,69.89719555351017,148.76829307308626,Verano,Desecho
7.460040670022311,57.47352119708782,43.34561298482963,117.8688631334906,52.31898554509505,915.4725628239968,23.544253094109692,Ninguno,2,63.265937147691695,121.34705475002615,Primavera,Desecho
7.369503478028848,59.09613057466163,65.77633031935754,18.57308968783005,45.81667019338734,736.1928424703648,43.15810701184409,Ninguno,4,54.415216060974906,188.69164524043583,Otoño,Local
5.71692498232802,41.26565115174024,8.993619401458552,117.47725556249371,28.420829555976816,235.21360060683688,40.73824049109121,Ninguno,2,58.19250042635918,131.62872708500095,Primavera,Exportacion
6.1188191415470765,38.567973300887495,26.17893318131891,100.32323299844715,65.14477074322734,170.28598891607254,45.789445436834,Organico,1,71.8529060091593,197.17562790007764,Primavera,Exportacion
7.1395684172065605,28.437206742973157,50.4275742393156,39.20180276799544,30.872167398557718,589.4542790448254,16.83830877431216,Quimico,2,65.52658920452095,224.41829053113074,Primavera,Desecho
7.3974777522253685,137.05204340820194,32.474906539106954,122.65875813490594,65.1120848019316,428.53791678928764,27.344980677834222,Quimico,0,56.48236929647168,172.36468052269947,Primavera,Desecho
6.185526362577159,100.91212950284176,95.99510902394239,43.02534996893424,38.66787927824639,251.28722613068427,20.084455822535418,Organico,3,57.038142135881245,131.20281028045085,Otoño,Local
6.515602610952861,50.665512038976026,80.51858782933343,164.17552017856977,12.105968634360433,817.8888339780542,29.042076152170385,Ninguno,4,63.35178966918549,122.3397966619136,Otoño,Exportacion
6.378165194039115,46.13322493803227,87.16359240030052,127.512972517859,63.7199156610646,437.88022660987025,5.860529954949863,Organico,0,65.36610859946482,186.82854877451572,Verano,Desecho
5.511412308006911,92.56124161372213,49.300201049715426,175.54922679256487,72.94920121361119,177.41338010659894,15.87529186551774,Quimico,2,77.38067947443022,159.75837716340178,Primavera,Desecho
6.941282766104587,107.61113291320973,49.99599643033958,90.68658998031407,18.38510792501615,336.0397969875737,48.83163137809402,Quimico,2,64.3873953592838,150.88144350944134,Verano,Desecho
7.17278191380283,45.4211996521621,81.49295620793968,107.26496898245603,50.9664422126794,709.1955768503288,32.140862747078245,Ninguno,3,95.15246811556955,166.82815928583108,Otoño,Local
6.19108927145435,58.60279912911397,41.815610374614444,154.51104708928187,15.023028826548888,683.1450765172871,12.79960892658518,Organico,3,72.03313410719532,123.04239083137564,Verano,Local
7.2194613107319725,50.68572509118361,50.68068379559927,113.79247623345306,68.09212800703447,336.2181150267985,27.874301421670236,Quimico,1,76.67816258764412,144.62699047229293,Primavera,Exportacion
6.106872000013063,22.279166338019632,55.2160245527562,118.67699548537621,79.15712778463667,407.0851888420307,36.40941410057917,Organico,4,81.61170907138039,122.47825309136498,Otoño,Local
7.28882598000009,64.11398165901511,62.67997939881735,115.1344076065043,44.64947279405755,144.8423389231948,32.1674532514009,Quimico,1,55.94234173155361,162.12893977949042,Verano,Exportacion
6.642968555773541,84.7055643977904,66.7471966861349,103.3499447604253,31.937841498436303,957.9374326221821,27.58658809816658,Quimico,2,63.90370045624119,171.27788763223015,Primavera,Desecho
7.679837241384716,101.75127560681175,69.67141499218614,163.0824283148236,69.20244972311303,394.44119873723366,35.328245136785,Quimico,4,67.301593706278,184.8013083482498,Otoño,Exportacion
6.861836063513117,68.34313596859258,47.18087983528689,102.19021193132791,46.45453842203642,936.4693570632171,12.512452656301539,Organico,4,81.4290870060091,132.2742256064314,Verano,Exportacion
5.961632220943891,147.67181658014695,33.038951232836666,181.1509637246628,41.43179973518825,832.4923085796243,24.718411549774718,Organico,1,69.53058130863003,182.03885736829125,Verano,Desecho
7.555028190232095,97.61727697126157,92.41464320266763,163.6371627455182,25.94653106744554,401.6623890982217,38.76175022216986,Ninguno,2,70.93822319165777,99.34603982231066,Otoño,Desecho
7.444196251867557,134.12183819997117,83.53856128038622,141.56361072343233,53.121246718628775,724.7328579416478,31.075513096377794,Organico,2,78.77652331064179,118.53790301243217,Primavera,Local
5.710570453401345,138.23828677009735,5.326552350966514,180.74511624646436,52.442230117015825,526.2628347162197,45.78257508154271,Organico,1,78.59371295733982,170.4738558809248,Primavera,Desecho
5.620101731416039,124.99591095318056,53.72772499433652,112.04772907502597,28.398408759228673,978.9860302287176,24.969243696471327,Quimico,4,85.49038000141097,167.6529909054827,Primavera,Desecho
5.840727603626517,47.797981525841706,31.087289357236937,166.14977740752778,24.798707092890908,674.6386667186115,10.948054558910002,Ninguno,4,55.24010380600568,163.48675536055268,Otoño,Desecho
7.613287652980315,70.37879503337216,66.05925394835225,55.94637759317844,40.69961653842246,567.1668949854924,7.1941631410832425,Ninguno,0,64.10439539222271,103.54885287715945,Primavera,Desecho
6.300956389303709,10.053921104633991,52.7507843606006,23.86537138822166,41.55712708014383,674.1729252267157,26.485002719640963,Organico,1,66.03681494368658,183.05514023219297,Primavera,Local
6.761878581597907,73.19696406137314,7.010814532739596,140.15012047128903,18.98878311212872,298.2247371402344,24.690777302555937,Organico,2,61.79168651047196,160.69512667934032,Primavera,Desecho
7.007415998479049,51.1253787779836,74.13839018288101,67.30595702719896,29.32410587029354,375.750902811716,16.543078183132184,Organico,0,74.05942209495487,156.91619285767572,Primavera,Exportacion
7.358703579752451,25.665450686309406,31.161743047242272,130.57488649945316,21.224648687964404,741.426131060391,31.573202064574748,Organico,1,76.72927896519715,173.36132707253375,Otoño,Exportacion
7.574888285498887,127.40229928326218,29.72246931770199,24.704925633472655,73.10117203104139,175.34686630009585,16.25791000560842,Organico,4,52.04064459424001,138.25722651595296,Otoño,Desecho
6.789663782549786,104.28256123720834,8.032981155296927,191.57307238584812,15.203660035500857,372.33062966639557,14.73444538218262,Ninguno,3,76.40948114788476,187.853379101926,Verano,Exportacion
6.539399025100814,149.87449585099702,83.69193573047961,107.87178876821334,71.51311521711368,657.6102101197968,32.99980992793026,Ninguno,1,63.11284502128022,159.52776159133504,Verano,Local
5.989854464444057,79.77438193722686,59.98975350866469,11.809988422072312,46.95189238108444,996.1267708261356,47.522401846727135,Ninguno,4,70.23779899522914,163.01745590481457,Otoño,Desecho
7.018800889321244,56.29885903592274,51.06005811030604,100.4546076110421,56.572497376951326,933.10060187259,14.124852827065169,Quimico,3,60.87260404180675,174.97229106386675,Primavera,Desecho
6.874692648340904,46.93359531675112,69.20221670910381,160.04695896673456,74.62747947297326,848.9998491092023,13.227000523588668,Quimico,2,77.89782065202445,100.81608715407287,Verano,Local
6.227900885863544,70.9505535711732,37.81015822686607,174.39162468773148,35.577062133518695,550.7388218215016,28.370763116982335,Organico,3,60.88840393884297,137.9760186715999,Verano,Desecho
6.615508699976877,53.382105000988616,59.10007550378297,97.63967102976696,59.18328614267592,824.2697899194567,10.374716332498343,Quimico,2,69.53266382001564,140.12074698877225,Primavera,Desecho
7.3491275635715,148.70619750148776,28.680973765724342,33.9279352349196,57.01878159823623,603.0350482594791,18.23396154303799,Ninguno,3,75.82267332327635,131.11312215350588,Verano,Local
7.067700077672763,35.591149563058686,10.980738666794451,182.1722894810311,79.18428711443634,512.6128061572742,49.58419326563806,Organico,4,73.10068805466788,159.52083637094015,Primavera,Exportacion
6.704351848172859,12.67815729223112,58.32761843941883,196.4223745434995,13.22338112726939,301.1712507455444,42.84695825880793,Quimico,0,61.64407579269961,139.86677333225308,Primavera,Desecho
6.180791121569313,28.199929146108083,26.013213378315143,22.006842817776935,41.88052325713279,955.8372804707441,36.77552168635586,Ninguno,2,69.11656652220474,176.68472543278108,Otoño,Desecho
7.170010797531225,134.81452574135676,76.25400719266122,24.83288326049304,79.26885295808792,638.3816481546543,6.171088596932398,Organico,1,69.21872748680431,158.93818925968236,Otoño,Desecho
7.069144963702884,107.14869630052836,47.92510012943081,117.46295019467473,32.95128152634456,707.8224964360726,16.928309010598284,Organico,3,76.56695630264637,129.96324488157651,Otoño,Exportacion
6.645583889966307,119.75610947902632,28.787855556986663,111.44108527902982,77.59647929423055,226.97001124122744,30.635082527561494,Ninguno,1,67.88691418604061,158.0925827361806,Verano,Local
6.096310119228731,54.86601937985154,62.792857454446825,121.84438497778909,67.17032933291202,487.7659235799111,36.962640864960704,Ninguno,2,67.34423768920044,120.13040317066255,Primavera,Local
5.937191252431099,97.17849817376539,16.07897488253404,70.2513967550977,33.75262803678203,968.1965311254231,35.07687771864114,Quimico,2,67.17316739181912,114.90713743680308,Verano,Desecho
6.3484987368801855,109.1058091512887,77.33526865923014,19.56518391289344,12.037409915511756,781.9025948757045,13.345780266820228,Ninguno,3,55.82886536934478,142.89973561059054,Verano,Local
7.771787160187678,55.69825570583792,47.95690584785474,120.26671723719741,29.624112830380827,894.532832834716,25.98288355662613,Ninguno,1,79.00146055658068,167.19788417625278,Otoño,Exportacion
7.384716474990555,111.43387675299974,82.20133468856429,38.77465828035041,18.660464860753862,456.291941867128,13.932791401622858,Ninguno,0,81.69242976565977,168.76444933849456,Verano,Exportacion
7.727674486082548,98.15222021184152,18.119155153942003,74.83923146541908,39.99206170835997,159.8260460865709,46.56065302403272,Organico,0,85.48089009065201,169.73510449473636,Otoño,Desecho
7.606497462293305,51.472900042017024,41.34151628335787,120.66534368830266,75.76656542771417,416.33118715718416,30.08370393471178,Ninguno,0,74.33767974718225,134.26827432280783,Primavera,Local
6.6472064130131745,17.39982392516606,22.10282018046458,49.61244693829467,45.883217552805824,438.3949881752132,22.561667206978008,Ninguno,0,57.899077883382304,133.30729730187386,Primavera,Exportacion
6.8261062216424655,43.3010750670807,10.813579085389328,113.06792156353734,41.32557189725398,371.0108593765328,46.310841119165204,Organico,0,50.50941295428711,77.46414190524877,Verano,Exportacion
5.9239651748435795,96.7350653297084,95.75802559068812,145.79645288038049,25.1030248673206,574.0351143601658,45.678246948694145,Organico,3,73.07067909664949,107.5608517120546,Otoño,Exportacion
7.302180379000909,93.8642920186758,74.03161252967045,22.498274939725356,53.500536774251216,272.91799423322914,27.684523270367933,Organico,0,62.994743207486415,201.70140616468598,Verano,Exportacion
6.554872068473104,81.07088118408866,35.93250136138289,127.699743555465,41.876163501872675,943.9041150291224,35.90500526816965,Organico,2,66.33585824860484,152.90041926143036,Otoño,Local
5.903172564839613,45.206514213272726,28.384285158168918,106.79251842535619,64.09013328378416,916.7717186885728,19.34801922279525,Organico,2,67.99941714512195,137.04097613703647,Primavera,Desecho
5.738387000212942,72.23514395719673,24.410582118891814,28.514243044321677,46.12853831770828,335.4411738496335,18.844851373208527,Ninguno,3,72.82554388974765,176.0796854985395,Primavera,Local
7.240337024636959,30.166125452140403,9.085993029905179,144.2056089334075,72.06032869821661,686.3360832007069,29.730298428886602,Ninguno,0,64.89508127362627,164.5708860949194,Verano,Desecho
6.705507432842166,102.73361244994571,14.753589182724088,69.06904780661371,64.81100268327384,551.0255910165642,43.09901027255211,Quimico,3,77.3017391338259,160.3002272390128,Primavera,Exportacion
5.522488480847051,131.6824065207522,14.77618090939988,44.63640962776298,20.15457114980604,325.0612693459741,31.87219613526353,Ninguno,3,62.66884866888575,138.2523607416014,Primavera,Exportacion
7.561289005649053,74.91602581837826,68.29517305544127,63.666522322586296,19.520111011819484,907.3892296353109,25.656754913032632,Organico,4,67.29829740946647,147.96409573268235,Primavera,Exportacion
7.048655565218521,39.819656520799555,61.49722433371599,113.7780518032883,11.704568754914991,307.95749965977984,34.88636713572407,Ninguno,2,76.89077441604236,169.8685216676137,Verano,Desecho
5.595941005994046,125.90408076008381,58.9783720788426,120.21069085791034,35.830700023090905,662.1604582601484,41.55317777133061,Ninguno,1,66.65814305580945,181.1927585474369,Verano,Local
6.261712080784456,53.831119445696075,74.77398591256531,42.23378590533357,13.823311143162213,401.820306984567,40.430411141048886,Quimico,3,83.78361332809982,146.92198202646517,Otoño,Exportacion
7.3060142003521396,93.15546851186726,28.861364317533454,187.9609748482868,41.49661104642939,843.4970470370853,21.676831846171495,Organico,3,62.64139941114304,169.6920224520313,Primavera,Desecho
5.64757434821771,20.55901360080983,37.53512585939908,72.4992853856682,26.894774658967997,658.2979370833708,47.10466457095383,Ninguno,3,80.36406185746144,100.35967877221245,Otoño,Exportacion
7.340631397553046,110.51124219214869,17.03665937552909,60.97522310122379,44.87667881987372,849.3338525127865,5.7091392249698565,Quimico,0,57.584935698358,127.05755626581515,Primavera,Desecho
6.762238077766313,74.49403869031839,60.83253208606212,45.47733409378272,21.081168086849864,412.9409185488014,25.285507707077027,Ninguno,1,65.30539206593228,140.15617757475843,Otoño,Local
7.457143507914119,69.26880709727476,93.6260281338585,32.900164771346525,48.44331335693315,110.0497427687342,45.83864164671154,Ninguno,0,77.80071643828454,117.93644467015997,Primavera,Exportacion
7.638092344295107,140.87710582254715,86.99809413740581,196.59556397266127,77.65034574785851,299.4899145178598,36.32027450951021,Ninguno,0,87.29440674105587,136.1317307507272,Verano,Exportacion
7.419396127680425,78.80853601885212,57.7248870820744,138.19755138754522,54.60625361308016,832.97366941993,36.67962538292349,Quimico,1,75.15711596092787,229.3917815298414,Primavera,Local
5.695187287968375,12.345071852032863,66.23773439751457,159.53583901060418,49.50726924291094,385.18014193295596,12.041170564262938,Ninguno,4,77.63056490845088,205.9034051496924,Verano,Exportacion
6.65093373542713,144.37492367021207,99.2693525773214,86.28252843008441,65.16322190723022,387.6977647929682,31.19250479994707,Ninguno,2,75.41551005819942,112.31776928996456,Verano,Local
6.296838996485011,11.709805098427168,54.14869855516189,88.77606745865877,10.389700162900667,504.6772693736926,48.5127038028655,Quimico,2,68.14599622570739,142.75751311526372,Verano,Local
6.771231041823069,85.02172219614113,87.70588014644397,197.50942696596127,29.772417339098098,347.2057048463918,14.519653038548453,Organico,2,46.44500770575662,139.85844596176162,Primavera,Exportacion
7.914504842613176,98.70358313378951,52.56243992829581,48.131147505823776,79.08845337048916,826.3896247207908,19.723144381368222,Organico,0,61.95837193350939,130.82479182121284,Otoño,Desecho
5.810990506151467,135.22778175484058,9.547497004430856,72.1171682388146,64.7833348355631,389.5402731126975,22.488003057546877,Ninguno,0,63.897192899281976,109.9059159369267,Otoño,Local
7.663995771564187,105.08974454002181,93.79283699502356,47.08069260498827,16.31870560181193,643.5590782651511,21.194951325378764,Quimico,0,60.481547038279786,146.26545728945027,Verano,Exportacion
7.977132831560461,123.55859017266292,15.628626430446012,63.698563664032065,32.85219923235606,505.9232483424448,33.21723608325871,Ninguno,4,54.866500291329515,125.80969233750992,Otoño,Local
7.975054946352023,117.78916418871539,71.89786086698027,136.0790962401759,40.790494030823254,358.621227084308,15.555809444005426,Ninguno,0,86.46004835905974,110.97602980538068,Primavera,Desecho
7.491723217216923,39.89488069445987,27.606100445519935,68.69420396075935,75.42087752235456,338.77932798844046,27.756029150445507,Quimico,1,63.59445915195583,129.96111307772614,Otoño,Desecho
6.663951192852071,108.06553006952895,90.59848624267852,176.34937912287796,51.03309452174295,551.7046726900642,23.01076061982982,Organico,0,56.41330970270662,184.84854885985214,Verano,Local
5.945001551931681,99.26150452074482,24.04643936875963,19.243604227456686,15.405793151224959,289.76074844941365,34.00162561007589,Quimico,0,98.90878057304971,134.56067845002465,Primavera,Desecho
7.020532689318519,44.1559194328917,18.30706669672177,77.39702778633986,45.63512817303305,411.0745325391196,15.887340619878733,Quimico,3,80.07102095678131,133.9689168088371,Otoño,Local
7.02593168565082,27.9663357494338,46.67773099692149,173.53433132991606,30.25709955397686,135.44095961820247,29.890613856763917,Ninguno,1,60.6179485502544,150.59573424405838,Otoño,Desecho
6.291086334330359,115.22951193658379,52.18467270378868,128.06189088145524,33.70909951243337,811.2725690361344,38.31647806996531,Quimico,3,61.59880691101428,182.2514874799426,Primavera,Exportacion
7.042055541547376,145.95767786550323,82.79811106889167,156.4824990456425,17.998849060972937,139.27629431188257,36.182974581837314,Quimico,3,56.8224600991541,107.52270597950294,Otoño,Desecho
5.791367948771,113.38241709092286,77.42826185981593,71.49273850787502,42.1129001817155,885.045356115452,42.54257908105263,Ninguno,0,55.29199684296313,168.17428575096758,Primavera,Desecho
7.0850210448827,114.9229827027699,36.18553730999486,80.16791877978696,56.86393599841366,142.64381490347688,48.0272242479693,Quimico,4,62.21397570514527,155.77778635940524,Verano,Local
7.741805957533955,33.33863195518567,41.57023220699391,178.7634803968463,63.168559464341364,863.3562733475881,43.42859734126318,Quimico,1,75.08487085829935,176.42795645794948,Primavera,Exportacion
6.680163284599511,44.58775062112502,59.783684351096184,152.41985595493264,58.67708205359841,679.747269413232,47.21923673742295,Quimico,0,83.75402692218253,168.40963160211913,Otoño,Exportacion
7.411407439610642,92.00676892147676,57.39972242442545,83.00951580716205,56.235936830003965,555.3548317003488,5.787910959330274,Organico,2,81.85259053442677,206.98583307881594,Otoño,Desecho
7.089101414763756,14.400317579693029,86.89442674824498,50.9180666615735,70.84519379958898,230.4585062404503,33.30191550976931,Quimico,2,82.4959302457871,132.62259718331092,Verano,Exportacion
5.507660314491284,103.50921202464434,49.88501029283479,30.19509643437687,33.265977230097214,331.103102176319,17.047655557649634,Quimico,4,68.75162688552757,123.57165905665676,Otoño,Exportacion
5.804996060914117,30.273575250458634,89.88335570283745,173.74731484300239,25.02158072489346,721.1225845658441,41.4047892980119,Quimico,1,76.08084144613754,130.3028226241426,Otoño,Desecho
7.4370884589994946,67.87549196982195,24.481809217468015,142.55314933696118,16.260687936246832,560.9353238380695,41.85670916033128,Ninguno,1,73.78320634755232,158.2106686368858,Otoño,Exportacion
5.601132318266892,54.82633764914116,87.42444666458294,125.39500346707182,21.599440734081377,562.911451170042,7.149590799663036,Ninguno,3,70.3893206443087,184.65744359426034,Otoño,Desecho
7.89061914282449,24.9037700668621,33.907797545869386,157.55168851681248,20.45741571635107,219.91066098758975,31.799986101596446,Ninguno,2,81.88087790243154,192.87380578207126,Otoño,Exportacion
7.7351904044782405,91.0280079720319,79.97947735132402,183.84799088591382,73.87478860708066,527.5880833241705,43.289695320646715,Ninguno,2,76.97551561385676,132.12167932929165,Primavera,Exportacion
6.405937355331991,60.574419266993615,58.711801937851234,154.70195935708603,22.63618510331269,631.245088887735,31.4336021598904,Organico,2,72.02707751172076,203.11751361710216,Verano,Exportacion
6.275959660385628,16.157897946303414,88.17837737229485,89.92527435669189,16.576109785475662,210.07577279083603,24.149302899980757,Ninguno,1,62.262130202924546,157.42241517791123,Otoño,Local
7.032329466891015,72.2187969537756,26.969107705928312,43.52934130785478,38.01766254000862,976.9015588161042,8.455096126413487,Ninguno,0,83.1251460951917,148.1708082658435,Otoño,Desecho
7.029481554963805,92.63624190291097,71.64240439175227,145.62659399177664,21.872753224512437,847.0451717502343,37.862223469459906,Quimico,2,57.27726358833039,148.14615911772677,Primavera,Exportacion
5.722582983258134,28.25800978414805,85.65117108252169,56.87705522029289,19.13976807270295,385.71856035482716,8.358858947413207,Quimico,2,55.72614331134548,190.39206655366127,Primavera,Exportacion
6.038464197920764,91.89914614699084,78.78559627049138,158.69654028719802,35.36863049277724,607.0482351314465,31.90614731644849,Ninguno,4,47.29563225515424,122.80476222340215,Otoño,Desecho
7.091166464672844,52.283379119632436,58.76993707670378,74.35881269991759,74.35687089111144,603.068540053469,46.29321077206751,Ninguno,3,69.20800609655453,161.10648229693643,Verano,Desecho
7.501926276534524,46.35073955985833,69.16292448134308,39.78666729271232,12.130372833863778,195.96876971487796,23.859965496664902,Quimico,4,73.79349237182346,155.12954416304706,Primavera,Desecho
5.980006241559109,121.36764939469423,23.66912460121263,58.38294038345221,24.540178290155225,494.3654875556297,39.65742917504755,Ninguno,0,57.51112886549623,110.17796070933169,Verano,Exportacion
7.254830536433546,75.48383409806249,25.564047882348433,60.66126230602524,67.69589090800716,286.9860993922259,40.99149036118969,Organico,4,69.7778418176915,71.69546289846383,Otoño,Desecho
7.676188133933272,62.90922016832264,30.39259984358148,81.97223507500077,27.16649389448084,399.89774812691485,5.465345947808449,Quimico,4,81.00753847253348,153.17959090413586,Otoño,Local
5.794512857191344,123.82313456879069,83.66130091999598,58.88517863591354,40.876422359778175,949.4825573044835,46.17229800551988,Ninguno,2,76.1920018304458,113.05911416934308,Otoño,Exportacion
6.597758489329863,137.4481953650985,20.90676635478046,52.85592479876913,16.897955584462576,596.1911552845005,13.495098184246135,Quimico,2,64.44488334449703,141.75912453764983,Otoño,Exportacion
7.626388804226355,54.11170658412731,33.3976490194668,84.43228884967405,65.66219669927486,160.21361616888828,17.721429214131604,Ninguno,3,78.09781874846813,148.48805819506555,Primavera,Desecho
6.426567242706035,17.05572886215608,92.44125203388079,174.939039788168,61.552271924909334,705.0564867545091,44.18485981884075,Organico,3,80.34361712449572,99.29470559672747,Otoño,Desecho
6.17364331659771,85.70045887995447,76.7473621448388,23.386610913632552,18.96445765899154,998.7759707933611,35.89660461846172,Organico,4,80.88300109831194,144.49327164613763,Otoño,Local
7.364036881520315,110.12151849355553,74.64694079322311,66.28565401549021,76.3573790671586,250.92656046939643,21.733608587304865,Organico,1,76.73644945908899,133.6913016882792,Otoño,Local
6.501944794959009,92.29070419671534,48.23843631380856,116.8385982392881,51.34362810851414,714.6278710452588,8.95458222897095,Quimico,1,54.86305375383709,133.35716403940944,Primavera,Exportacion
7.26577935531234,106.32780503081975,71.72434797584799,176.1512556542246,65.87104689157263,841.8329032372625,22.38047175806846,Ninguno,3,85.63825260273093,135.1846504644119,Otoño,Exportacion
5.815978010901161,100.54139880835336,58.74414343580058,63.98504579801152,63.465950073452696,859.6556897700741,48.48495062860576,Quimico,0,72.50961624071378,138.15572350029532,Otoño,Desecho
6.8837772541951825,143.83928729221086,11.789138779479021,76.26106028361157,46.335107161237715,736.7745947735999,9.707722083473467,Quimico,3,65.37263004557033,118.04680282622427,Verano,Desecho
6.448652105592137,131.22851714767532,59.76998325281978,161.6106334429248,62.324413547260626,918.8802095930724,43.07592862594653,Quimico,4,79.78368100157385,267.4822977287765,Primavera,Local
7.993262656651502,28.458093137522617,47.96349158506281,80.7783577610555,26.645836571225804,128.88056854112963,19.63855997510384,Organico,1,67.55170705525467,98.73436426387762,Verano,Local
6.978478549009095,73.3645429260734,15.826462488231508,171.79522162890729,11.488475024514619,157.75162892606397,34.45535195384287,Organico,4,41.80082645872825,162.28340291101358,Verano,Local
7.205413290438134,73.66759807673543,37.70517643923506,96.50147276643652,33.94532524107131,221.08594861196076,33.41945819989775,Ninguno,0,81.19957286203123,140.33441498513514,Verano,Desecho
5.827587792117995,73.88671946444171,90.00575064527166,118.12835165856796,20.67519085924397,138.98218853803536,19.65151635485852,Organico,2,64.44093755495294,126.16863898438662,Otoño,Local
7.979923044395294,140.29855287529907,81.35173572736647,116.56738359803097,78.67564854687303,207.9530673828644,7.443188498499472,Ninguno,3,68.27101837124859,167.54187784248063,Verano,Desecho
5.628511165391151,55.80700091875628,91.82080989076987,32.66817256593752,74.6537597529691,835.2555905414512,11.696838735835426,Ninguno,2,70.05414349736644,181.87383768202625,Primavera,Desecho
5.677091677508423,95.9982252055044,73.12257617222214,77.43908190097756,20.08964185212705,906.8116822013442,30.4631951207618,Organico,1,66.95629622355867,154.78443957329435,Primavera,Local
5.689338185670511,135.4838825334225,65.09259789927097,55.901229370388634,34.079295253412766,402.38539880195384,47.698609344043014,Organico,0,71.86726789516952,154.31564260020446,Verano,Desecho
7.676501612200889,17.075411419804382,18.227574354509557,139.7740358110202,45.65217394588514,961.4657847928149,46.659563924069964,Organico,4,78.69788056788788,156.48673676856438,Otoño,Desecho
7.321473271867119,132.99755618887508,15.184915423779339,187.39289900536187,37.91102874753656,476.5971640722805,10.106275553039552,Ninguno,3,75.12332492558328,143.1053810528156,Primavera,Desecho
7.932632377207458,117.0942597414424,28.441577357091226,50.359734316529995,59.00130805459417,254.78177846374328,44.38530025243527,Quimico,1,59.681748698462755,171.3155314019642,Otoño,Local
5.66640083264397,39.10213488124567,34.84873180326497,27.339519826859533,45.24629061256476,713.1716726262705,15.52142587526295,Ninguno,0,56.380629393513146,114.36931479089387,Primavera,Desecho
7.229189108979978,55.57158125254209,62.668373263656946,106.25223831535158,49.568424683794184,478.2839731147109,45.944201203198844,Ninguno,4,66.11372328487136,112.02182638312239,Verano,Desecho
6.83317321008678,53.4821445964293,88.34436266186282,84.25899634718844,57.43477132399272,117.49072093831083,39.132217792956155,Quimico,4,62.08249735607223,183.07578142078572,Primavera,Local
7.097840472777248,40.982910670454814,89.61940704740823,16.786365891868748,11.656734947663423,969.7203082480771,48.25687451429629,Ninguno,1,61.96622430450347,96.80838584631081,Verano,Desecho
6.782290933740953,99.39299208325221,69.82388470141491,185.10811179769158,10.869790252277205,638.1087217283515,24.877780716399467,Ninguno,4,61.658617108505176,141.94093542654898,Verano,Local
7.188367388203726,147.5959619631426,59.52182697445144,188.6286270098633,22.46867189553145,651.9988527326149,37.92133998243105,Organico,2,83.21130210869461,111.44977563798531,Otoño,Local
7.767647734990661,33.325651084948674,28.21691879651906,171.57844495579246,60.28135351038824,984.411363458424,38.0873706933885,Organico,2,75.08250700441265,144.2593476111014,Primavera,Desecho
6.968684690047506,42.506440318709615,94.10472749881919,63.298725729631784,26.829497831115496,850.1541536098714,27.32773244580433,Quimico,0,66.78339707887595,132.4828387343205,Verano,Desecho
7.741039689633845,50.65237843075173,68.75571871005573,33.26130967884352,74.41237570292344,426.3987677291309,48.85334103830073,Organico,2,71.1323843076689,177.9653141910159,Verano,Exportacion
7.455405789294872,141.25994712694848,55.678433418603205,122.5739402184473,15.49480724992625,137.64469684596304,15.964804620445221,Organico,1,74.1508565186681,202.11554449275994,Primavera,Exportacion
7.662310085151101,97.61502198059907,14.875856117883723,63.48758231615839,50.59361304686481,300.1426872585637,49.379630997301376,Organico,0,62.967479529256146,116.26801060903918,Otoño,Desecho
7.148127168241267,39.77355747060248,83.45891444872113,48.32638949943274,11.788298584255596,416.37500389154997,41.54533836781104,Quimico,3,70.77232775515009,124.51104512317389,Otoño,Local
6.796514440565387,122.5584694704618,38.15427832923465,131.84790697947346,78.04409956852318,964.2281129139253,32.724374427163966,Quimico,4,47.3528480054384,134.7542873300545,Otoño,Local
5.673885935021717,139.20217745690167,90.55573578585303,152.57189264802244,24.956888089533802,899.802901231043,8.401394884336808,Organico,2,70.48348230330068,143.87612532113454,Otoño,Exportacion
7.5872561591202015,66.48190720937737,20.999411939491438,110.18369634287168,51.13460453598904,119.37538572037468,16.671327015785106,Ninguno,3,76.32590699985451,176.15384358289555,Verano,Local
6.105026849898952,34.194364503913874,9.616528399476122,70.79888013237681,76.71387905352162,988.5048728945706,42.857698380242404,Quimico,4,75.64263168822585,119.52535409276074,Verano,Exportacion
5.591652483002634,53.38831776822733,46.29916852408094,107.3789838198602,12.125557138915928,331.40767999936793,37.76691261837604,Quimico,1,70.8509453758188,141.86234795673553,Verano,Local
6.797677949840117,40.39606536518551,12.438804819171732,123.94983493098074,45.89142489769035,797.8349214160406,48.32116367570303,Ninguno,3,57.28415191802607,142.77376406176745,Otoño,Desecho
7.081289091258654,38.19978249006472,10.871281673946896,19.858783687024314,46.869930089660876,204.93651568722595,22.855426895523507,Ninguno,0,73.41129413910855,136.42893678175594,Otoño,Local
7.1545785035056095,33.910423248074956,72.80456431533383,94.32460831932376,34.603959044450804,298.28549330206306,45.25042765426311,Organico,1,79.86016811108983,167.82656406250277,Verano,Local
7.174289473838157,132.6466948645147,29.45068722361871,123.68282682161158,55.81869014041456,554.8892838718593,43.78217199184339,Ninguno,2,79.51510069083523,142.6967333229864,Verano,Local
7.13430598381068,22.024322864051427,65.69081751494932,34.602146750422435,47.977097825179655,733.250746573185,48.476045137956255,Ninguno,3,69.54514023606244,100.8200784946815,Verano,Exportacion
7.52048035515228,67.86893413609627,59.22910126696014,95.278890002651,27.439891631988825,410.8589270821102,17.260264954917595,Ninguno,1,72.76948170967746,109.38577717467695,Primavera,Exportacion
7.423404022372258,12.062909298540383,18.371509856803968,75.87842473352133,59.371672756123715,885.9299402474844,27.253954592483826,Organico,1,67.59205423523676,146.36462295032274,Verano,Local
7.532085069020072,51.07534197910081,41.649008688144164,174.89812499567776,42.631974126126856,946.1752979263233,8.64335261004178,Organico,3,76.12478096966645,204.66310319007863,Primavera,Desecho
6.65065534834491,108.97092301801776,11.276069185955672,102.98334223613266,42.92173678979383,210.3085396929149,31.591255253353133,Organico,2,65.4738258446509,165.67764421886142,Otoño,Desecho
5.657046864635169,38.39700596096549,45.058963286434306,90.99237029696498,76.63442253636902,746.7095110917091,37.95450559317547,Organico,1,64.7845964595559,178.99277459475366,Otoño,Desecho
7.098940661365011,149.8221509609133,22.32439861687789,56.33749865362276,47.45225917883123,218.71925097508839,15.710525339450845,Quimico,3,69.11425225050506,148.86301805395672,Otoño,Exportacion
6.0255368692114635,16.761893901515865,14.149383290373088,191.91947620295798,64.92600747285732,406.68892152976485,12.63435267870134,Organico,1,68.96834024092303,150.43074935092704,Primavera,Desecho
7.648803891619018,29.107713492295474,35.11359680765375,192.62058109655953,70.71708538752664,837.6046343305762,33.778880732008304,Organico,0,55.40312518691626,157.40123504783173,Otoño,Exportacion
7.304164299422906,120.16333560374854,5.324829064151931,79.68342932591973,50.651085472319984,402.71751798341563,22.690748943424662,Ninguno,3,68.70126309659153,151.80299494350774,Primavera,Local
7.414674708308861,146.63976993027143,76.98805684635686,186.51764142281644,65.04619497609437,916.657697685365,24.19539315992447,Organico,3,57.97543402804088,155.81797423734284,Verano,Exportacion
6.216055526142492,143.56182086516932,20.02745256981919,127.53418591921097,31.66797965967539,470.32485749123265,26.200407162392235,Organico,1,69.43012288428332,182.65581100829004,Primavera,Desecho
7.082635256680006,121.7531023579438,64.45448920792307,158.3989571045561,22.734822303587233,378.816767097657,28.016346406767358,Ninguno,3,93.74710769841852,152.5422102893071,Otoño,Local
6.82020984362086,146.21811960246842,84.09531116578914,27.07083319861054,58.68772331334557,990.21113610605,13.798668972145952,Organico,0,77.03044937758982,147.24926166882344,Otoño,Local
6.171129661816124,127.71122290594133,92.13763661586641,14.04888052511716,74.83348968427909,497.35300190180595,30.99820555584463,Ninguno,2,59.414836331827274,198.49959815032952,Otoño,Local
7.530564067184545,18.123471495450413,57.9696027758233,107.67474841685366,12.974776922561817,766.8603916245048,8.109362784409358,Quimico,0,70.64117035900811,165.19509838489216,Primavera,Local
6.874896037995921,128.38877646534752,79.88696343766567,24.42255291612271,63.41403734624576,639.507601815344,10.107979737689341,Ninguno,3,75.28676249876594,96.54692205284806,Otoño,Desecho
5.976970640151399,77.72919101839688,48.20331465363618,179.42302932743172,11.987917545037416,282.2370762174311,37.01877832700445,Ninguno,3,58.028742403493496,125.32263566321896,Verano,Local
6.263117813450465,73.94544980703644,51.56717376037806,165.8289659642157,42.10216351203787,550.281398458507,37.91455099095781,Quimico,1,73.81236094279363,110.5646144854093,Otoño,Exportacion
6.067768648120705,10.353824357599063,56.94335803034116,145.8183227720945,57.403277804467265,169.67685269088395,16.984437644686114,Ninguno,4,69.45492363665853,166.00826802476755,Otoño,Local
6.280999801248301,96.8360030906515,68.66301840266777,15.965336968235068,38.37130713715212,737.8707191888495,13.311329316152289,Ninguno,4,69.03712147257723,189.46628098486104,Primavera,Exportacion
5.970422981473259,104.02521422465985,68.64215195667244,97.0835561937662,31.06654390121202,567.047371131656,7.429673164396261,Quimico,2,63.332224048727504,173.67925985161867,Otoño,Local
6.427847242983186,120.70016192131924,79.61090277280262,24.83727869504096,23.07855290716188,210.1382710215733,23.84987612776399,Ninguno,1,69.89783961764519,145.8040702020373,Primavera,Desecho
7.23495792516341,55.6334181174421,63.609678538069474,186.4420648067101,78.45101841265165,790.0835684369533,27.907024819180975,Quimico,0,82.94041032056823,202.54007618141307,Verano,Local
7.89824857322106,27.93870423288774,88.85024609398796,126.39752882183646,49.92212345240945,824.1055355213513,45.4756655500482,Quimico,1,65.86510562902973,158.95086211364605,Otoño,Exportacion
6.026340143715604,71.57904351206611,72.37742675256615,39.74113187851107,18.94911596144538,760.4467128174812,5.1106981111052905,Quimico,1,79.6139709011873,177.32964504663886,Verano,Desecho
6.249574021834505,60.72031026288073,93.25050384026277,116.51574494850001,13.370508076796693,396.1514034940752,23.26375557359925,Organico,0,70.01607400581682,161.8518950352972,Primavera,Desecho
5.505383927493138,115.43865406315767,76.29149387249763,32.52125094974521,27.037354757306012,750.8514731284558,23.867678415090793,Quimico,1,72.69576278719653,117.13546810215442,Verano,Desecho
6.063261670102851,42.12142903334063,75.1769127987048,37.67858278194022,47.70375716345442,619.9381344791485,44.894926761790686,Ninguno,3,84.20627250941908,138.15280610443168,Primavera,Desecho
6.546129632928748,29.34393708139041,86.73773410151757,25.38162328952368,62.63936047294166,589.4915490228902,13.821789080159379,Organico,2,69.09872449450616,164.9688291622148,Verano,Desecho
6.654343512672484,71.62596737239397,67.30196610840422,175.6285806969882,78.66717879726293,683.8686561886794,7.9784339234878265,Ninguno,4,70.64604435406724,160.3790219075183,Otoño,Exportacion
6.165828728110658,97.91854270302574,22.059655289099418,113.67929948323727,68.3762697639753,667.0798819980796,22.172455904308013,Quimico,0,76.39709716179435,145.32073478010372,Otoño,Local
5.875807421237412,49.33966640422123,12.88199184391555,72.30176425495667,52.83779237858667,819.2309885658292,32.55428650922584,Organico,4,60.46794878936792,137.5229175341849,Otoño,Exportacion
6.907674296227116,26.020642569350233,35.00348193542338,10.12878768368658,56.65341733700041,987.3861211563599,43.616499975425675,Ninguno,3,79.66871973538574,167.79496871958833,Primavera,Exportacion
6.522973030749584,71.4762947979063,82.36741761118917,99.68474545725778,46.544883856506814,753.6496903399978,17.106015666218717,Organico,4,66.84821857897273,179.80056538957228,Verano,Local
6.565664687549594,144.66282845029014,7.062246353901575,107.42693150209004,40.42016850243872,497.59543178200016,16.309015990500875,Organico,3,65.81610887314635,158.12039510267007,Primavera,Local
7.737451460269694,145.4240261561152,19.25376324891628,73.94757801728507,64.93074192484215,515.5012045216598,19.668949878004604,Quimico,4,56.99591244932102,197.98992470802114,Otoño,Local
6.903607261351603,109.21599053659673,15.081001512156567,102.02170801818522,22.41498432337237,126.35158938241804,10.32049346314741,Organico,2,59.65778434944569,185.75704707630183,Verano,Desecho
6.470848478956909,118.8014780132994,8.531622102851966,29.137334486601898,33.375326528591856,243.91546424211822,48.97468646714833,Ninguno,3,73.6711166181441,136.43158368748567,Primavera,Desecho
6.13447451144433,38.49141917612827,81.97696453839649,185.19170438782206,78.50782947536007,305.3522253929523,29.327799529687287,Organico,0,80.89968450685589,173.5110786602147,Verano,Desecho
6.571494262025642,62.451549585049996,31.56065504711842,59.08470819069443,50.02112715120584,991.2931126503208,17.250044196031098,Organico,0,62.05460271152029,235.39395153358043,Otoño,Desecho
7.654671125581771,94.66558154274166,74.24797461496769,190.21464207430728,44.89569670367094,786.7888320315636,21.278170778804615,Quimico,1,75.87853451803977,125.96695726372566,Verano,Local
7.9127501239787446,115.05832704854227,18.48165053794342,103.64697416014998,69.55523164577878,227.39050009272518,43.96802566600932,Quimico,1,67.85602971369026,168.2575894190228,Otoño,Local
6.443076911645852,33.327490693751606,43.848704436865866,172.77774218259495,63.341391799520665,548.5347699495617,35.31760119480296,Quimico,2,56.23004656477254,99.35548698981248,Otoño,Local
6.022455351545255,74.06797216298176,16.064232095807828,119.66898784205624,32.82292474327083,292.1799468844737,29.894261766724348,Quimico,4,65.41936083549191,172.2698017136442,Verano,Desecho
7.786299146586307,32.78561326079797,5.235638682625972,170.43898807869252,53.81731416060411,367.8523665686931,37.61633194966791,Quimico,4,76.60750393125387,177.64266538063137,Primavera,Local
5.861092513011039,98.67019941500587,63.25041238921905,11.926281692662004,22.977391666673412,644.1216041415606,39.01203879612509,Organico,3,59.769014637841636,148.26468871216676,Verano,Exportacion
6.243463145193968,118.10270901478987,50.693283235963825,45.43019613589885,13.708425641163862,639.1340684722284,13.739484846501439,Quimico,2,56.97263082669129,141.39069524609715,Verano,Local
6.010364849616693,126.66318595607589,44.580443876450595,77.24192306756011,79.28937686450469,884.624943473079,12.140579055477371,Organico,3,63.46280673963564,150.00292220069554,Primavera,Desecho
6.914573963282975,112.53112188721542,12.472658508912712,66.26543014026231,61.604847151420465,248.12234626221417,48.501337370367835,Quimico,0,62.98529902450039,114.27995231760124,Otoño,Local
6.521602808671631,32.28032150042072,60.879458139268195,189.87878362071598,75.15357457310711,547.6616068435649,13.35765954584669,Quimico,0,87.30117162590568,140.09032958022422,Primavera,Exportacion
6.217915876984675,125.97767128505048,79.10009842466057,84.98742081334568,68.23209537386023,638.9490826310506,25.91428541822247,Ninguno,4,71.67788750013332,146.90200625483752,Otoño,Local
7.419820299291655,56.817947990308774,11.388224961875801,194.70142879828757,39.96520866417242,937.4225715784168,49.225132027222486,Quimico,1,81.85296608716816,174.06782253389565,Otoño,Desecho
7.1602917699648225,127.00728620806011,44.2785423798172,133.6928345481066,70.30086892865992,564.7810028921738,23.774562442754537,Quimico,1,69.2188982414488,81.54635823997694,Verano,Desecho
7.988778686536881,45.126086577597974,34.59786533126899,168.75470382443496,65.06895880916485,406.59574959700575,28.168206002449413,Organico,0,72.93771935982653,155.44251798261755,Verano,Exportacion
6.279970520648388,76.5984558751322,89.72828114069836,84.83251322353962,28.077846320491943,362.92483371168015,40.92635733860532,Organico,3,78.90178869134047,124.60797389355812,Primavera,Exportacion
7.613202667764526,90.7200418524847,29.95229997154195,46.11450599366447,53.6106053856879,294.48920042490204,20.317705439481323,Quimico,4,56.58167082483274,151.35260775700735,Verano,Desecho
6.256268667332484,14.861016578435285,94.7066633281626,19.586953272203566,31.351227092140697,966.1309391606578,24.396522904794217,Quimico,3,59.925610309012455,210.65896276223046,Verano,Exportacion
5.522593395848001,136.5172391546461,83.69823084610823,134.7169700859535,26.38248681637281,642.6444878092342,19.9477999294347,Ninguno,1,75.3496700136607,134.68455550686153,Otoño,Exportacion
5.877244215927142,81.61606010417108,14.51509395393007,194.6419144503653,15.721344598458785,373.1709572554245,17.932854451184784,Ninguno,2,70.8789393652848,109.56494023306719,Verano,Local
6.771176295919713,36.885847758545765,50.660585132831855,32.46884641809001,48.02124864845134,770.6020485249069,26.23181445936093,Organico,1,75.30627419826648,101.87481605662705,Otoño,Exportacion
7.5250233498952515,32.51366996052151,66.6551404571332,156.63330137357542,37.469852927541005,360.3474212605,38.56484103144332,Organico,3,61.62636927916121,154.0301658742232,Verano,Desecho
5.643531485084324,106.11675368618776,61.341817464919224,79.27637562400336,16.163170729388877,553.4539648275983,44.027964758659785,Organico,1,68.66214751117953,187.1279414626347,Otoño,Exportacion
7.580036498596689,21.442636798593718,69.52688042572838,198.75796183335405,60.284895318007564,123.37864376231752,26.155189823518615,Organico,1,83.9083643772231,100.25865049505401,Verano,Exportacion
7.290185983070835,71.57504065081508,45.49911458075109,175.3068889168516,60.61425481062289,861.913285021506,19.445164549648318,Organico,1,64.12671345129152,171.45719805991666,Otoño,Exportacion
5.586297707743953,85.63870795385917,90.95055982275494,53.84573559757727,26.471845876032706,960.8967856894903,46.02166927147342,Ninguno,1,78.67508523539291,129.80320798294085,Primavera,Exportacion
5.765739415956889,42.63835070228128,30.684280529121143,155.49373905157702,76.91349756350387,879.1798037686107,20.11666156855958,Ninguno,4,73.8365505203706,149.22931992519506,Primavera,Exportacion
5.689074908352711,28.087979420060435,13.939578642641234,149.50367397764765,64.45044071557908,254.0023495981842,39.875214379350844,Organico,0,62.077130463939966,190.34188466438593,Verano,Exportacion
7.197482490868456,78.69891549123969,97.90751975396977,155.04859406844912,66.37129701527392,842.7442296319023,38.687875572089816,Ninguno,1,81.71613088059091,140.71029534975116,Primavera,Desecho
6.902573982150726,57.64588773213729,66.93608889881352,25.736360650419705,10.259097367503355,412.30634421833696,7.239909716928098,Ninguno,1,82.44569997132884,164.38892700584793,Primavera,Local
6.3971457361761175,29.633826730290767,67.6237666792395,163.78912108509834,78.49060534507628,942.6535182176178,12.993774493780094,Organico,4,56.618357947566274,131.5815666422693,Verano,Desecho
5.7207789377365215,39.452304241371934,82.66503033126955,59.67218794417641,79.32060735012267,369.1701074295622,30.778108988088857,Quimico,4,77.73174732893384,141.50382378709645,Primavera,Local
6.482453766498557,75.93155538928663,45.03693743564097,122.18030700246965,45.50543376814,180.4607118549506,44.04323045821395,Organico,2,66.0080062764178,147.74032640350748,Otoño,Local
7.205432667158573,28.627055697083012,41.69237861985645,31.92656276870119,78.95115019486231,867.6284312572103,31.72968981953735,Organico,4,68.67804313011744,142.70793206798822,Verano,Desecho
5.733529332497953,141.0567064721752,95.16877570439888,116.04369318529379,52.849848618368284,204.98187390829384,38.421953499403074,Organico,2,49.41890186339435,87.48088440227104,Verano,Exportacion
7.641462378882776,118.56381485596725,41.744228802314375,182.21939368523823,19.37918598091,587.291574593808,38.048534991163564,Ninguno,2,66.31089834858625,153.20876436295492,Otoño,Desecho
5.657271543265596,55.57809719181008,12.455394531545359,43.663288239818904,66.99611567678272,438.35310611992986,27.246486463155943,Organico,1,61.287754240086,167.7676351000973,Otoño,Exportacion
7.020484400375237,46.16980669448403,34.24380164430511,172.4579957873831,49.0659454639944,781.1688011175881,30.236105842561507,Quimico,3,68.86747375983647,154.18692076536902,Primavera,Local
5.97286925823103,132.40137095441327,87.98642618015946,92.73462964219488,33.960285044586634,774.0095889028067,8.20767004519542,Organico,1,59.877326691169074,176.3263014244205,Verano,Local
5.729099185724178,69.76992745232064,14.021204832628392,71.24286277765748,26.532696273266215,798.5237531918912,46.74795615489609,Organico,0,60.75667623249652,159.10767185707306,Primavera,Local
6.387428842823684,130.78049531334318,73.08700218300034,20.848615334616227,46.32279044328692,156.9539181176775,35.34557928026312,Quimico,2,60.62256898872509,108.31772107717825,Verano,Exportacion
7.167320103269028,113.94389275596096,30.308107113793277,110.41696451391304,58.42253792241533,872.5378070087396,11.952361441054327,Ninguno,3,81.42455119726384,137.6976293285714,Verano,Exportacion
5.802632362717603,22.896521147060177,75.84818529941595,47.98825995185,71.3905214509245,519.6967829284102,15.980251082600946,Ninguno,4,68.24038231963311,120.8205183724369,Verano,Local
6.689243310089145,123.90455116746287,53.882673543031835,188.61906638276793,51.904704128943855,297.2657716023783,5.209345592754314,Organico,4,74.48472717245448,71.69847979025046,Primavera,Local
6.515267789037304,85.58334605700766,65.47469349491166,55.24703380293392,39.070530040212546,369.0062329555517,16.880348017590297,Quimico,4,73.05892666808903,180.8953988891894,Verano,Desecho
6.568635603556462,104.86401966903382,28.10364253811144,121.48926479985418,54.24938809177444,912.4680815619719,19.247962533887215,Ninguno,3,62.866043711827416,236.332506051086,Primavera,Exportacion
7.8585418754237395,40.6606252862001,20.97126800594173,116.12203939682675,44.78716171648751,105.39382626463717,35.74127631923294,Ninguno,4,73.6124433854208,129.77060746370583,Verano,Local
6.3725747538623505,10.037880561457172,11.014307234721738,73.9962154083247,55.639481224880114,821.5498973896287,26.449584444466463,Quimico,4,70.62458546076431,155.94618818692655,Otoño,Local
7.979072269634152,56.71633304958892,83.42979512834619,171.89222953239118,52.62799077512179,931.5366225510733,42.92503523774196,Quimico,2,62.169618029294114,122.48695638799279,Primavera,Desecho
6.845977918630464,36.68782736406888,72.4960373645118,44.81638189149663,78.50783412092188,325.0492268092401,8.905420036467776,Quimico,4,68.43918760314565,156.66053443035554,Verano,Desecho
7.606202213703522,70.930312039142,32.868453445967354,165.24119524904822,53.55725997411196,839.8022679328365,36.815980256526316,Ninguno,3,87.50159698552521,186.70698071069424,Otoño,Exportacion
6.372160838045006,22.725693546957093,84.50676970756109,49.42101487334373,58.37271161981345,244.980944026638,44.37023689826906,Organico,4,57.315717388283126,165.0806143439654,Primavera,Desecho
5.711934553109027,135.3064821047289,84.20118306079733,17.428738274802107,72.46692218700494,114.60269443786315,23.959718609952308,Quimico,1,65.06714401891509,180.2222254687147,Otoño,Exportacion
5.711009118480351,26.621342025154647,18.08711869513751,189.33178018126083,73.91148936815466,644.1168981975294,17.993008804993813,Organico,2,74.60224663052094,194.46772353457305,Verano,Local
6.935373220328353,116.98589027835443,72.8003062176933,131.0866975308108,19.861437556833025,681.5824986520522,25.050521934372323,Quimico,0,55.286459030614395,201.93067906467408,Verano,Local
7.824789499011376,141.50543443340993,32.76678010648641,129.79099336287834,41.766351498687364,235.12807642230914,40.49791033436986,Quimico,1,67.13555824248756,159.5220602927317,Primavera,Local
5.678052046478055,30.751985295682932,49.38299032164066,60.35860241173713,75.99384316533646,561.2207896489325,46.35686079595011,Quimico,0,80.6786968660524,124.43739581181865,Otoño,Desecho
7.222793245790331,58.50675110264749,45.8637572061138,36.44235375194247,77.18383650203522,446.9424908364021,7.9514603641097965,Quimico,3,65.09762113962219,130.69332841971834,Otoño,Local
6.908127726316369,112.34874833354813,62.01745620643708,144.1515337949439,23.302271290619736,168.63232500047891,28.783343810555593,Organico,0,80.00447206143576,145.52547760683998,Verano,Exportacion
7.130626533597384,110.02469092621534,37.97754185832638,108.56043519727778,41.05930976498293,556.9680549212153,33.78695810082171,Ninguno,0,60.16653563057627,141.80728873308627,Otoño,Local
6.038852390006077,15.235307038440984,11.959126416446797,70.40274509654276,29.505519757245,626.6229242244228,5.786424252279451,Ninguno,4,83.59608872486116,107.94729609914671,Otoño,Exportacion
5.676271280976927,19.897167678826698,68.9017650015262,70.1896439381187,65.3515448406879,295.45485256572954,13.156170882590967,Organico,2,91.77127012648384,149.4488835008305,Primavera,Desecho
5.686820573524601,26.819548525751443,96.25424104190438,178.9588105788365,69.65171807112006,765.8016765076469,7.815271149776433,Quimico,0,51.891427642808026,153.91854867118204,Otoño,Desecho
6.116811943963059,89.52306118467806,68.4474354589244,179.03690632011572,42.847201907460715,165.34130026045932,18.066615346826417,Quimico,3,84.47015820153158,123.01122646865076,Verano,Desecho
6.0340981635989674,17.70603518741475,56.262503900872034,62.1791130656867,57.29620053857836,595.8956642703397,14.243223356891503,Ninguno,3,68.11540212899446,148.2586017669113,Verano,Desecho
5.815894022303905,92.37739270943572,20.544046833834827,160.88897012400358,70.89763999629213,373.0511932268367,26.906013626085226,Organico,3,66.07128780325316,114.87511387776092,Otoño,Desecho
6.16170740313524,57.94467771933579,64.3918919128556,53.069494623640566,59.66632845978698,492.4657670982338,34.49036712532033,Organico,4,59.97062307384233,157.34715679359442,Verano,Exportacion
6.834934229529683,103.71746067456552,63.053251916230366,163.51208445506975,20.949847301553966,904.1261810669573,42.89978962179782,Ninguno,1,58.759949370366115,125.2930849319843,Otoño,Desecho
7.8737845254568075,119.4859267019539,63.78154680760219,33.99387185469409,59.83946355903674,702.9588262708761,18.693907174092082,Quimico,4,77.16999859050814,159.74855788046807,Otoño,Local
7.805671899695477,120.7959053479745,89.7697418772738,154.04945288625154,21.12629917452775,233.99073211062912,7.268289149740006,Quimico,4,65.78405822900635,168.15610828898787,Primavera,Local
6.179284105288856,15.268875390959236,73.05040637931619,115.57991275912869,55.762182940929144,897.6754201039533,5.173167604054644,Quimico,0,50.29773543262435,174.07854597919578,Primavera,Exportacion
5.665524485231295,142.60734579308277,79.42298730593484,32.347724947232564,33.34735538306707,435.5501404276398,43.00482535373771,Ninguno,2,78.60741240673767,203.1306977204746,Otoño,Desecho
7.989083971257379,92.13048015016146,34.76719544266797,126.99314390995018,13.95105598473862,407.1560737096989,44.51609815589592,Ninguno,3,71.91848533385485,164.06711161094148,Primavera,Desecho
6.691020882084196,135.39787336577226,30.685626375710378,46.55762464982956,25.853721030136064,551.3827799090058,9.54466971050011,Ninguno,2,64.70211992064426,148.75982754902077,Verano,Desecho
7.945752607283453,96.12032539731956,24.644186805331458,46.88275007099299,42.786754969547246,284.7645938954749,5.457916373217984,Quimico,1,81.46383200614498,177.82635448404366,Otoño,Desecho
6.84410504451383,77.77638389853287,78.94523571652778,94.99609197972639,79.58113582207338,922.8123868364103,41.01194711821998,Organico,2,76.17949758519444,102.57052620957975,Primavera,Exportacion
7.715902051334138,112.1620062179107,71.36590636973494,193.21367629720478,27.899787105827524,521.1001260312698,33.83276240092684,Quimico,2,74.97810266639945,137.1695956593424,Primavera,Exportacion
6.618051629632008,40.71897681237303,37.498927031652784,179.52387230128056,78.51477471127707,454.44042979750697,30.026501838827375,Ninguno,1,51.236454959226336,135.52874015921648,Primavera,Desecho
7.055057527612215,24.451671222308455,18.405076516269375,167.0315951094767,35.495339928383956,253.87097751905335,28.9941338667478,Ninguno,1,72.0549798404217,126.61093739756272,Primavera,Exportacion
6.839350794638174,22.66975075728726,85.4333940675631,171.71625270111807,77.20076806672823,822.4133075531233,39.81919854937733,Ninguno,3,76.93181038990157,143.60074809065796,Otoño,Desecho
6.049693297739473,128.87904958360517,41.50640858330544,104.48485558704391,76.92724066999642,957.552006941302,18.199147741094418,Ninguno,3,63.30302161223969,212.75164557770736,Verano,Desecho
7.409495712755007,137.74227087281255,23.02617533678009,81.19724257951081,20.002831666928458,882.6333525955613,22.51015925213207,Ninguno,1,64.67519670639183,143.2664968906915,Otoño,Local
5.6370139340453065,124.0179598519823,18.719008142500485,177.95754144026097,68.01034610187023,245.34726648907716,8.503300715265526,Organico,1,48.90255356545421,165.3426035850928,Otoño,Exportacion
6.406029364737974,136.62070832187968,92.36958710524347,25.36565482778125,46.211848044841794,776.4539347708908,30.47583600820546,Ninguno,4,48.32155462571373,125.18477553635037,Verano,Local
7.674756784018753,147.86860600955612,17.365509341908982,199.2580276512696,58.034008458765584,283.74746133926055,48.236518458545994,Organico,3,78.25153300496424,127.26944244483471,Verano,Local
6.7567094067125355,83.64824318458709,39.16897788858719,115.06534306314508,64.32528988844174,134.95095398882307,17.773259617159336,Ninguno,3,66.40351266051924,122.29174929725743,Otoño,Exportacion
5.694113693437757,31.543279761347346,65.05819249104003,112.68762582134374,18.717395647266613,536.024544951659,46.8162381395852,Organico,4,61.39851303890914,127.74680555418563,Primavera,Local
6.018825633778399,95.10971265152189,43.76724978536874,65.46992105168975,65.9280746308302,703.342552253031,37.81433301230118,Quimico,4,64.81748428345655,194.9539928901179,Otoño,Local
5.774098825142632,59.54505775053271,50.3587443077126,42.36851168692482,31.195591857160277,211.85880630192722,15.524578530386227,Quimico,3,80.15196773860455,138.2618052710883,Otoño,Local
6.1940832674190265,58.50280350090669,81.2490697586355,139.25578917754225,61.265881633609716,644.9670610169785,34.828446033602724,Quimico,4,86.91032629419136,127.13931068785108,Otoño,Desecho
5.9132795781607745,111.89313552125931,99.9272756478023,78.72525357689845,50.156116550981345,859.2809500843384,21.480529151373283,Organico,3,78.62954985708738,163.80197733189632,Primavera,Local
7.279876958564172,22.691096333361426,49.38568928512483,67.46450352829851,57.92655408849919,288.10940248425635,10.503590937689836,Organico,0,69.09733191790744,153.13259681718603,Verano,Desecho
7.148565777268598,15.254411335419242,40.988563205236645,40.845044860937115,53.60149418993016,485.0104417196255,9.172476850168275,Ninguno,3,87.46560663581094,201.04726607250743,Primavera,Exportacion
5.837697167681192,107.3384254992524,43.64247601044083,111.67458238613388,66.72943806177278,548.9206545410045,5.775237878617425,Quimico,4,61.735713646822,160.78295634574113,Primavera,Desecho
6.612477081511539,46.5021699675764,40.06531389754468,121.77781623736976,72.61920553930386,848.0905760320376,40.90138181981009,Ninguno,1,57.699790718891045,192.46179322204972,Otoño,Desecho
6.239603947527712,63.970167324252266,50.00828026730076,94.18267457248481,41.4371456975131,794.2389522857222,44.81823920131099,Quimico,2,77.2659127856858,115.11386130453192,Primavera,Desecho
6.343039923379221,53.06861789224765,36.64527480147585,12.2864759419579,37.45196666633602,792.3948748489673,26.71422421261918,Ninguno,2,77.5486509666703,146.93546295135835,Primavera,Local
6.9399494191465045,96.0777691773701,48.948570783936205,103.41791770912666,26.953322416241953,711.1345059614251,28.396659051648825,Quimico,2,72.78474287045997,171.84005325971998,Verano,Exportacion
7.746722613013564,31.632175476678505,94.818432211497,61.673116939266066,66.96873153100128,656.0102319752401,36.12138081284847,Quimico,2,73.56887387415053,129.69417797404964,Primavera,Local
7.7433125433465815,110.88232762597528,32.190256108870514,36.342001664706025,77.69096307245738,557.9987718314694,36.54087676583555,Organico,1,57.6811907172423,152.76053450220283,Primavera,Local
6.532553741105392,139.48977392654027,66.92809843171014,119.73841800820566,23.672514340041253,432.6567844884439,19.585748901545873,Organico,2,70.9078562263102,114.56929034962147,Otoño,Desecho
6.482987876532471,127.05521633250815,51.25868949657576,137.53452623237138,42.04896672225173,561.9048518533709,12.16318368780027,Organico,0,56.28884545682652,148.3893570869883,Otoño,Local
6.794939677291405,136.98517571856735,74.57765346487338,108.5661101968735,63.923625330577174,868.3477745627831,24.368774503378987,Ninguno,4,72.01569115996956,106.10584582846121,Primavera,Desecho
6.685287517590446,141.18991996208126,49.86774551259893,126.71594676243342,54.52300696504786,613.5296821089992,36.365609501835735,Ninguno,3,82.4224597114358,126.7955482127551,Verano,Exportacion
5.65446255958206,62.12678553082273,20.25152081726855,125.24572788652078,67.05216152547031,987.0452720794757,41.189368858113625,Ninguno,1,73.81502220413654,111.77596604392832,Otoño,Exportacion
6.94687362888056,121.40362532229283,87.8797798905975,33.6056321895435,11.13017453784662,228.2798674270867,9.0123048325718,Ninguno,2,62.92812745889188,143.31565019140405,Otoño,Desecho
6.961831149150848,79.27558608383879,69.19787161189261,51.00373039027261,73.7943219342837,497.03932543974383,31.474150678116683,Ninguno,2,70.52181396622132,165.7025041955707,Otoño,Exportacion
6.625843521832203,47.76824377800599,54.95772913574025,11.802308114573766,14.294623631776265,280.2524374660556,7.434376220607441,Organico,2,67.57518860273314,108.71674193563192,Primavera,Local
6.534911858300493,114.56348338065301,83.95295338764204,196.56158427880814,41.18347043421868,428.5899171804381,42.11508900263123,Ninguno,4,66.13024746843102,164.2497262668687,Primavera,Local
7.847364361961458,44.17800076189365,97.73763127031613,50.13292429978721,29.303507881796524,810.7879366366332,35.006286543675316,Quimico,1,66.67577485838108,131.76912960447962,Otoño,Desecho
7.002060004520359,25.346875406547717,43.892940002337,164.79383935236035,74.97356124780363,842.2970118179361,36.34815927354337,Ninguno,0,57.94817591391301,86.14967565615673,Verano,Exportacion
7.540698600531913,108.64673822570633,38.54081380603052,158.43458756769684,29.260019349412715,128.54720511029942,39.277329192272,Quimico,3,72.72491367943442,172.64169840404574,Otoño,Local
7.88460266033128,50.257701903325135,76.59126280363114,143.9521876836546,36.13358495082318,958.0326216820044,27.30390611307205,Organico,0,68.54054550591745,161.45445498084226,Primavera,Local
7.525254224948542,52.82862836969016,48.18752522458491,95.45215277864757,72.18380420271501,884.684782606322,18.450405782538574,Ninguno,0,82.62914885316813,138.522925043224,Verano,Exportacion
7.85744893033327,133.35719667388918,13.148042887363381,120.93454599099641,47.61842982364752,914.4727825970903,40.35488172901991,Ninguno,2,74.57005017798018,175.7811473638033,Otoño,Local
7.398233942080208,28.975491552906153,38.66941774743228,45.40370816542808,72.87411943232146,439.10145311207737,39.98162755380546,Quimico,1,86.16173487661482,212.74654577695998,Otoño,Exportacion
5.925301304732494,117.07844250057461,81.8200500774757,30.159289865093204,56.267837331642056,547.2638734296806,11.072445993443733,Organico,2,84.66696492325552,153.2775967389294,Verano,Local
6.067326056700552,64.0697556538575,72.13594728931797,76.8346835005639,15.54341218420491,251.65303058394187,45.62430460625936,Organico,3,56.363939965421,185.28394231823614,Primavera,Exportacion
5.984738127320826,135.02144913165404,86.97015302970064,166.8612296390417,40.43506749513193,457.14916659831067,14.954581427884026,Quimico,1,63.882740028574126,100.94792120042723,Otoño,Desecho
6.305315223132791,71.64818812283278,18.929520300911413,117.16499045991597,22.347194127262654,213.53153317970816,18.790670287806613,Organico,0,56.805185590499974,161.97709367688591,Otoño,Local
6.387481989009763,67.26320472189691,28.17255330015449,155.1337741258848,14.55933004291824,876.957267730622,14.716236316955952,Ninguno,2,60.2480894482955,164.01414836511063,Primavera,Local
7.527954946201514,70.18125559221144,25.399850296652204,179.161697204542,36.16732517730571,623.0168020408369,48.45187448648247,Organico,0,62.937160693360255,163.48318853864203,Verano,Exportacion
6.402129914210645,127.27666383491794,97.2766181708355,116.50194171782454,73.59003619797969,222.3836129724423,18.475762551598283,Organico,3,87.44155260677991,107.67144211672795,Verano,Desecho
7.318046693690858,11.471428761044042,21.047819027519385,79.78345376884418,18.23689542381326,891.1590194795758,48.71311645877468,Ninguno,4,85.180308942012,133.4150438040543,Verano,Local
7.759541934212729,108.68082277395585,61.8033552872803,172.57882317700933,10.474046995862876,172.33156878786275,33.707242644454055,Quimico,3,72.8105787139092,159.44777494394188,Verano,Exportacion
5.786383539022248,38.73364395605421,65.12679186323243,53.62975654105982,75.45623848209154,934.2525850881037,12.945408978285949,Organico,1,64.75822782030401,147.82120781699666,Otoño,Desecho
5.500653132357369,133.49757239867392,63.79487486245836,14.705417761079355,47.10738436511927,195.17437684354277,29.922922479070092,Ninguno,4,53.97303226916996,139.4803729325142,Verano,Exportacion
7.721646487647835,62.6297315788099,70.70798880272751,19.627951340936782,49.10062029790423,746.1785765671971,44.701894032769935,Ninguno,0,63.28615988825627,169.66353450502942,Primavera,Exportacion
6.095640454186608,57.45378087758415,50.97255634733707,120.62510970174888,74.99171068459384,680.7762270624798,30.275365390711926,Ninguno,4,70.2932229171393,129.27403108133458,Otoño,Desecho
5.883594375358399,109.76741350828037,12.95038679644793,179.54409416738966,59.012513474903194,804.4313149654756,10.966797495567725,Quimico,2,61.75445578943401,138.07175758352912,Verano,Exportacion
6.238021942614542,111.1428621477785,71.61743039475526,117.21262512963872,67.87689858181179,608.2930032910623,17.912082291985772,Organico,0,80.39521428703245,167.14138870615758,Verano,Local
5.965065269434606,98.71953756128474,31.704962216880023,87.74686002209171,63.934543339766414,414.9293822965374,15.116332326002162,Organico,4,87.99902826897221,183.99824015223288,Verano,Local
7.48413000876153,56.17315186903735,12.20783395863172,119.64303297927967,52.83002035434321,346.96080606789064,10.663502231455858,Quimico,3,61.91500485234603,158.9037920160268,Primavera,Desecho
7.086270042433301,95.44942724460306,21.129668225711075,137.50959302070686,58.187908421804124,950.9235504208127,19.72788787989773,Quimico,4,68.50346684985695,198.27507719458998,Primavera,Local
5.918260719488141,17.597229109111293,32.285862229122394,154.1148544611626,49.24920962557332,497.1432142095802,34.74782413356905,Ninguno,1,66.5934990821158,197.22156241073077,Verano,Desecho
6.958909437219815,143.72517330841225,46.081759416813334,75.98754174787896,34.87781127334069,857.9741936999263,22.212942675703857,Quimico,0,66.22109243845834,203.26379351422585,Primavera,Exportacion
6.02022764364821,73.3796536715914,86.82573527303458,83.50975421328184,29.97468098072581,750.7502479530173,24.971078067871346,Quimico,4,62.1315479510623,119.66989927860607,Verano,Desecho
5.993889931044,52.626885253705844,55.967742982111815,14.49155023881601,22.316111844082734,690.5214525990184,19.42968491175057,Organico,0,63.25218627353485,147.21730691537965,Primavera,Local
6.988617509526937,130.50905779351362,49.83688920557999,133.42927464947874,34.780138729308305,973.5483657558257,49.75123166669071,Organico,3,57.74368456863242,154.06433745803736,Otoño,Local
7.161717592185972,55.384078069766176,23.16949109331048,157.57904490457045,50.38274003104692,608.9046311308977,31.37889702376709,Organico,1,74.91735713611567,119.78832619024018,Verano,Desecho
6.36550513027208,149.60427915918524,96.12995822806288,107.0720036114568,51.12761185848699,759.7156886166033,42.52470861891653,Ninguno,0,75.31918312329346,144.0461082125162,Primavera,Local
7.4085189524680874,106.68393668956813,91.30901319800239,81.54456083548335,57.83935363147894,864.7026672475492,24.859805360915686,Ninguno,1,83.29236441368141,129.30432910417537,Verano,Desecho
7.593036223493725,100.94092503027734,82.52733685917035,73.2988374346339,71.55976664005908,141.37978662278692,12.588679834879947,Ninguno,3,57.585923791442156,85.48795171774435,Otoño,Local
7.790860511834829,31.259918408549545,35.69936668445465,132.55727790141466,55.62937169223985,996.6771449007746,43.10634422473107,Ninguno,0,56.17656228199702,118.22667633450325,Otoño,Desecho
7.0651498154093275,95.38077828203116,58.3546243083223,72.84244399862976,21.962039706270243,335.95689841794615,39.354553405552906,Organico,3,54.56524210783789,150.80525806730776,Primavera,Local
6.050062224637128,31.717490775545677,41.94046493057573,123.82511667537676,11.798842419227178,732.2651072603359,19.84140397636027,Organico,3,59.768044824596174,201.02760026934902,Otoño,Local
7.371162004217397,119.70458192244058,43.276843838370645,186.12373162095565,23.78109734376318,958.2546050758012,32.28879204472459,Quimico,1,85.54296409188557,110.70098968393495,Verano,Desecho
5.769614603118414,29.37633551486431,11.852478797563693,72.8170754514311,73.56716820258222,786.8231565528797,9.206064211251602,Ninguno,3,60.00539357144347,187.05921672040026,Otoño,Local
5.953037153685772,60.23657890071063,18.304235325201223,22.978696255657006,49.735824440221776,306.65556743243576,6.184508552736076,Quimico,3,71.27953535863669,150.01548722583212,Verano,Local
7.581970318360491,76.7425897849761,96.31103468668542,176.06209827801328,69.40248368280295,426.08249887145007,41.70916439193525,Ninguno,4,86.67445050758239,145.96808900618404,Primavera,Exportacion
7.777073606201333,122.72709890296474,62.95796292439912,61.974792195464026,26.401590823440912,472.7611069848199,47.38675731043627,Ninguno,0,72.67434044987452,124.87099338224326,Otoño,Exportacion
5.666792665145008,98.58642788565253,5.599412781878829,197.82765288389413,59.691642447486714,627.7127442599802,20.48268574486299,Ninguno,3,65.99988908216513,136.6521565013741,Otoño,Exportacion
6.280303827058914,114.71543048974547,81.87266598073234,169.6231802548732,61.21719339361829,642.65295393605,31.890791614222255,Organico,2,44.14736456426372,142.34330534980506,Verano,Desecho
7.072943829501032,44.15637546414676,13.268953829331819,91.11020728877996,66.667463613535,809.1106601288797,37.27811011046102,Ninguno,2,67.52909911502354,171.9560513797703,Otoño,Desecho
7.846619349841309,43.21688278027657,72.2747970200119,129.35723453310013,47.48599073855514,873.7058912966169,38.57191436819061,Quimico,4,74.12318637252356,145.3596873107952,Primavera,Local
6.926813601428362,63.286791014039174,63.9806570545009,62.7324870139326,65.5458092779702,180.5839207899972,26.648205523830892,Quimico,3,67.94364942985615,203.70477182848276,Otoño,Local
7.5524813807284294,12.615321676327426,10.980369757008312,25.992512529984594,75.48110509198172,345.84098206722,32.59770040024786,Organico,4,68.08229732265218,115.2558916331515,Verano,Exportacion
7.806887797431278,126.2985787351769,55.43922120785842,109.90274962847441,77.01754151929619,409.29597280463065,34.56737278012244,Ninguno,2,57.675160331686854,193.91627158264043,Otoño,Local
6.797607215630737,61.79561150954749,9.506354273259149,90.68746458095212,18.780560537375486,112.02820313528295,9.646488482324717,Organico,0,88.62699566603885,128.56427191179472,Verano,Desecho
7.351123923964147,19.457509264932384,11.11702621400488,194.28443354832766,53.70153908758969,475.82609908758184,34.029977544215946,Quimico,3,65.9350402084595,131.56036270246375,Primavera,Desecho
7.156032281615957,132.11016512821072,9.861989623142996,123.51610780193448,17.944018045868397,422.91878992265765,27.988595417614484,Ninguno,4,77.38112326017591,162.38102327460456,Verano,Local
7.178405571194788,145.49569637682507,29.26691751059163,151.95800366095716,74.58098674073456,572.8511534360887,22.032478816356324,Organico,0,69.69308016411485,114.9097779739055,Primavera,Local
6.792666667521516,100.52183530131644,81.16808179888604,35.69634808059287,76.87757064923919,190.163341644546,16.778128968371245,Ninguno,4,66.06218159178341,197.3043786702244,Otoño,Desecho
7.057979143068993,59.922358590480684,39.433199663848754,147.49650077131236,44.97144111749058,472.59350221603233,33.70637555847466,Quimico,0,66.64340916833692,146.5317207467209,Primavera,Local
6.885936265347834,67.92597811910625,65.756133390584,20.70307177133514,77.19252470483659,637.6743666129692,12.50415154102802,Ninguno,0,81.06845551595505,153.6462991569107,Primavera,Desecho
